"dataset","method","case_id","fault","W","alarm_fraction","alarmed"
"RE1-OB","PCA","RE1-OB_adservice_cpu_1","cpu",1,0.007,FALSE
"RE1-OB","PCA","RE1-OB_adservice_cpu_1","cpu",2,0.993,TRUE
"RE1-OB","PCA","RE1-OB_adservice_cpu_1","cpu",3,1,TRUE
"RE1-OB","PCA","RE1-OB_adservice_cpu_1","cpu",4,1,TRUE
"RE1-OB","PCA","RE1-OB_adservice_cpu_1","cpu",5,1,TRUE
"RE1-OB","PCA","RE1-OB_adservice_cpu_1","cpu",6,1,TRUE
"RE1-OB","Isolation Forest","RE1-OB_adservice_cpu_1","cpu",1,0.02,FALSE
"RE1-OB","Isolation Forest","RE1-OB_adservice_cpu_1","cpu",2,0.17,TRUE
"RE1-OB","Isolation Forest","RE1-OB_adservice_cpu_1","cpu",3,0.207,TRUE
"RE1-OB","Isolation Forest","RE1-OB_adservice_cpu_1","cpu",4,0.233,TRUE
"RE1-OB","Isolation Forest","RE1-OB_adservice_cpu_1","cpu",5,0.343,TRUE
"RE1-OB","Isolation Forest","RE1-OB_adservice_cpu_1","cpu",6,0.32,TRUE
"RE1-OB","OC-SVM","RE1-OB_adservice_cpu_1","cpu",1,0.007,FALSE
"RE1-OB","OC-SVM","RE1-OB_adservice_cpu_1","cpu",2,0.993,TRUE
"RE1-OB","OC-SVM","RE1-OB_adservice_cpu_1","cpu",3,1,TRUE
"RE1-OB","OC-SVM","RE1-OB_adservice_cpu_1","cpu",4,1,TRUE
"RE1-OB","OC-SVM","RE1-OB_adservice_cpu_1","cpu",5,1,TRUE
"RE1-OB","OC-SVM","RE1-OB_adservice_cpu_1","cpu",6,1,TRUE
"RE1-OB","PCA","RE1-OB_adservice_cpu_2","cpu",1,0.007,FALSE
"RE1-OB","PCA","RE1-OB_adservice_cpu_2","cpu",2,0,FALSE
"RE1-OB","PCA","RE1-OB_adservice_cpu_2","cpu",3,0.207,TRUE
"RE1-OB","PCA","RE1-OB_adservice_cpu_2","cpu",4,0,FALSE
"RE1-OB","PCA","RE1-OB_adservice_cpu_2","cpu",5,0,FALSE
"RE1-OB","PCA","RE1-OB_adservice_cpu_2","cpu",6,0,FALSE
"RE1-OB","Isolation Forest","RE1-OB_adservice_cpu_2","cpu",1,0.007,FALSE
"RE1-OB","Isolation Forest","RE1-OB_adservice_cpu_2","cpu",2,0.013,FALSE
"RE1-OB","Isolation Forest","RE1-OB_adservice_cpu_2","cpu",3,0.01,FALSE
"RE1-OB","Isolation Forest","RE1-OB_adservice_cpu_2","cpu",4,0.007,FALSE
"RE1-OB","Isolation Forest","RE1-OB_adservice_cpu_2","cpu",5,0,FALSE
"RE1-OB","Isolation Forest","RE1-OB_adservice_cpu_2","cpu",6,0,FALSE
"RE1-OB","OC-SVM","RE1-OB_adservice_cpu_2","cpu",1,0,FALSE
"RE1-OB","OC-SVM","RE1-OB_adservice_cpu_2","cpu",2,0,FALSE
"RE1-OB","OC-SVM","RE1-OB_adservice_cpu_2","cpu",3,0,FALSE
"RE1-OB","OC-SVM","RE1-OB_adservice_cpu_2","cpu",4,0,FALSE
"RE1-OB","OC-SVM","RE1-OB_adservice_cpu_2","cpu",5,0,FALSE
"RE1-OB","OC-SVM","RE1-OB_adservice_cpu_2","cpu",6,0,FALSE
"RE1-OB","PCA","RE1-OB_adservice_cpu_3","cpu",1,0.007,FALSE
"RE1-OB","PCA","RE1-OB_adservice_cpu_3","cpu",2,0.993,TRUE
"RE1-OB","PCA","RE1-OB_adservice_cpu_3","cpu",3,1,TRUE
"RE1-OB","PCA","RE1-OB_adservice_cpu_3","cpu",4,1,TRUE
"RE1-OB","PCA","RE1-OB_adservice_cpu_3","cpu",5,1,TRUE
"RE1-OB","PCA","RE1-OB_adservice_cpu_3","cpu",6,1,TRUE
"RE1-OB","Isolation Forest","RE1-OB_adservice_cpu_3","cpu",1,0.01,FALSE
"RE1-OB","Isolation Forest","RE1-OB_adservice_cpu_3","cpu",2,0,FALSE
"RE1-OB","Isolation Forest","RE1-OB_adservice_cpu_3","cpu",3,0.01,FALSE
"RE1-OB","Isolation Forest","RE1-OB_adservice_cpu_3","cpu",4,0.023,FALSE
"RE1-OB","Isolation Forest","RE1-OB_adservice_cpu_3","cpu",5,0.023,FALSE
"RE1-OB","Isolation Forest","RE1-OB_adservice_cpu_3","cpu",6,0.03,FALSE
"RE1-OB","OC-SVM","RE1-OB_adservice_cpu_3","cpu",1,0.007,FALSE
"RE1-OB","OC-SVM","RE1-OB_adservice_cpu_3","cpu",2,0.993,TRUE
"RE1-OB","OC-SVM","RE1-OB_adservice_cpu_3","cpu",3,1,TRUE
"RE1-OB","OC-SVM","RE1-OB_adservice_cpu_3","cpu",4,1,TRUE
"RE1-OB","OC-SVM","RE1-OB_adservice_cpu_3","cpu",5,1,TRUE
"RE1-OB","OC-SVM","RE1-OB_adservice_cpu_3","cpu",6,1,TRUE
"RE1-OB","PCA","RE1-OB_adservice_cpu_4","cpu",1,0.007,FALSE
"RE1-OB","PCA","RE1-OB_adservice_cpu_4","cpu",2,0,FALSE
"RE1-OB","PCA","RE1-OB_adservice_cpu_4","cpu",3,0,FALSE
"RE1-OB","PCA","RE1-OB_adservice_cpu_4","cpu",4,0.197,TRUE
"RE1-OB","PCA","RE1-OB_adservice_cpu_4","cpu",5,0,FALSE
"RE1-OB","PCA","RE1-OB_adservice_cpu_4","cpu",6,0,FALSE
"RE1-OB","Isolation Forest","RE1-OB_adservice_cpu_4","cpu",1,0.007,FALSE
"RE1-OB","Isolation Forest","RE1-OB_adservice_cpu_4","cpu",2,0.003,FALSE
"RE1-OB","Isolation Forest","RE1-OB_adservice_cpu_4","cpu",3,0,FALSE
"RE1-OB","Isolation Forest","RE1-OB_adservice_cpu_4","cpu",4,0,FALSE
"RE1-OB","Isolation Forest","RE1-OB_adservice_cpu_4","cpu",5,0,FALSE
"RE1-OB","Isolation Forest","RE1-OB_adservice_cpu_4","cpu",6,0,FALSE
"RE1-OB","OC-SVM","RE1-OB_adservice_cpu_4","cpu",1,0,FALSE
"RE1-OB","OC-SVM","RE1-OB_adservice_cpu_4","cpu",2,0,FALSE
"RE1-OB","OC-SVM","RE1-OB_adservice_cpu_4","cpu",3,0,FALSE
"RE1-OB","OC-SVM","RE1-OB_adservice_cpu_4","cpu",4,0,FALSE
"RE1-OB","OC-SVM","RE1-OB_adservice_cpu_4","cpu",5,0,FALSE
"RE1-OB","OC-SVM","RE1-OB_adservice_cpu_4","cpu",6,0,FALSE
"RE1-OB","PCA","RE1-OB_adservice_cpu_5","cpu",1,0.007,FALSE
"RE1-OB","PCA","RE1-OB_adservice_cpu_5","cpu",2,0.94,TRUE
"RE1-OB","PCA","RE1-OB_adservice_cpu_5","cpu",3,1,TRUE
"RE1-OB","PCA","RE1-OB_adservice_cpu_5","cpu",4,1,TRUE
"RE1-OB","PCA","RE1-OB_adservice_cpu_5","cpu",5,1,TRUE
"RE1-OB","PCA","RE1-OB_adservice_cpu_5","cpu",6,1,TRUE
"RE1-OB","Isolation Forest","RE1-OB_adservice_cpu_5","cpu",1,0.007,FALSE
"RE1-OB","Isolation Forest","RE1-OB_adservice_cpu_5","cpu",2,0,FALSE
"RE1-OB","Isolation Forest","RE1-OB_adservice_cpu_5","cpu",3,0.003,FALSE
"RE1-OB","Isolation Forest","RE1-OB_adservice_cpu_5","cpu",4,0,FALSE
"RE1-OB","Isolation Forest","RE1-OB_adservice_cpu_5","cpu",5,0,FALSE
"RE1-OB","Isolation Forest","RE1-OB_adservice_cpu_5","cpu",6,0,FALSE
"RE1-OB","OC-SVM","RE1-OB_adservice_cpu_5","cpu",1,0,FALSE
"RE1-OB","OC-SVM","RE1-OB_adservice_cpu_5","cpu",2,0,FALSE
"RE1-OB","OC-SVM","RE1-OB_adservice_cpu_5","cpu",3,0,FALSE
"RE1-OB","OC-SVM","RE1-OB_adservice_cpu_5","cpu",4,0,FALSE
"RE1-OB","OC-SVM","RE1-OB_adservice_cpu_5","cpu",5,0,FALSE
"RE1-OB","OC-SVM","RE1-OB_adservice_cpu_5","cpu",6,0,FALSE
"RE1-OB","PCA","RE1-OB_adservice_delay_1","delay",1,0.007,FALSE
"RE1-OB","PCA","RE1-OB_adservice_delay_1","delay",2,0,FALSE
"RE1-OB","PCA","RE1-OB_adservice_delay_1","delay",3,0,FALSE
"RE1-OB","Isolation Forest","RE1-OB_adservice_delay_1","delay",1,0.007,FALSE
"RE1-OB","Isolation Forest","RE1-OB_adservice_delay_1","delay",2,0.187,TRUE
"RE1-OB","Isolation Forest","RE1-OB_adservice_delay_1","delay",3,0.475,TRUE
"RE1-OB","OC-SVM","RE1-OB_adservice_delay_1","delay",1,0,FALSE
"RE1-OB","OC-SVM","RE1-OB_adservice_delay_1","delay",2,0,FALSE
"RE1-OB","OC-SVM","RE1-OB_adservice_delay_1","delay",3,0,FALSE
"RE1-OB","PCA","RE1-OB_adservice_delay_2","delay",1,0.007,FALSE
"RE1-OB","PCA","RE1-OB_adservice_delay_2","delay",2,0.98,TRUE
"RE1-OB","PCA","RE1-OB_adservice_delay_2","delay",3,1,TRUE
"RE1-OB","Isolation Forest","RE1-OB_adservice_delay_2","delay",1,0.007,FALSE
"RE1-OB","Isolation Forest","RE1-OB_adservice_delay_2","delay",2,0,FALSE
"RE1-OB","Isolation Forest","RE1-OB_adservice_delay_2","delay",3,0.016,FALSE
"RE1-OB","OC-SVM","RE1-OB_adservice_delay_2","delay",1,0.007,FALSE
"RE1-OB","OC-SVM","RE1-OB_adservice_delay_2","delay",2,0.963,TRUE
"RE1-OB","OC-SVM","RE1-OB_adservice_delay_2","delay",3,1,TRUE
"RE1-OB","PCA","RE1-OB_adservice_delay_3","delay",1,0.007,FALSE
"RE1-OB","PCA","RE1-OB_adservice_delay_3","delay",2,0.967,TRUE
"RE1-OB","PCA","RE1-OB_adservice_delay_3","delay",3,1,TRUE
"RE1-OB","Isolation Forest","RE1-OB_adservice_delay_3","delay",1,0.007,FALSE
"RE1-OB","Isolation Forest","RE1-OB_adservice_delay_3","delay",2,0.007,FALSE
"RE1-OB","Isolation Forest","RE1-OB_adservice_delay_3","delay",3,0,FALSE
"RE1-OB","OC-SVM","RE1-OB_adservice_delay_3","delay",1,0.007,FALSE
"RE1-OB","OC-SVM","RE1-OB_adservice_delay_3","delay",2,0.96,TRUE
"RE1-OB","OC-SVM","RE1-OB_adservice_delay_3","delay",3,1,TRUE
"RE1-OB","PCA","RE1-OB_adservice_delay_4","delay",1,0.007,FALSE
"RE1-OB","PCA","RE1-OB_adservice_delay_4","delay",2,0,FALSE
"RE1-OB","PCA","RE1-OB_adservice_delay_4","delay",3,0,FALSE
"RE1-OB","Isolation Forest","RE1-OB_adservice_delay_4","delay",1,0.007,FALSE
"RE1-OB","Isolation Forest","RE1-OB_adservice_delay_4","delay",2,0.007,FALSE
"RE1-OB","Isolation Forest","RE1-OB_adservice_delay_4","delay",3,0,FALSE
"RE1-OB","OC-SVM","RE1-OB_adservice_delay_4","delay",1,0,FALSE
"RE1-OB","OC-SVM","RE1-OB_adservice_delay_4","delay",2,0,FALSE
"RE1-OB","OC-SVM","RE1-OB_adservice_delay_4","delay",3,0,FALSE
"RE1-OB","PCA","RE1-OB_adservice_delay_5","delay",1,0.007,FALSE
"RE1-OB","PCA","RE1-OB_adservice_delay_5","delay",2,0.977,TRUE
"RE1-OB","PCA","RE1-OB_adservice_delay_5","delay",3,1,TRUE
"RE1-OB","Isolation Forest","RE1-OB_adservice_delay_5","delay",1,0.02,FALSE
"RE1-OB","Isolation Forest","RE1-OB_adservice_delay_5","delay",2,0.25,TRUE
"RE1-OB","Isolation Forest","RE1-OB_adservice_delay_5","delay",3,0.18,TRUE
"RE1-OB","OC-SVM","RE1-OB_adservice_delay_5","delay",1,0.007,FALSE
"RE1-OB","OC-SVM","RE1-OB_adservice_delay_5","delay",2,0.96,TRUE
"RE1-OB","OC-SVM","RE1-OB_adservice_delay_5","delay",3,1,TRUE
"RE1-OB","PCA","RE1-OB_adservice_disk_1","disk",1,0.007,FALSE
"RE1-OB","PCA","RE1-OB_adservice_disk_1","disk",2,0.933,TRUE
"RE1-OB","PCA","RE1-OB_adservice_disk_1","disk",3,1,TRUE
"RE1-OB","Isolation Forest","RE1-OB_adservice_disk_1","disk",1,0.017,FALSE
"RE1-OB","Isolation Forest","RE1-OB_adservice_disk_1","disk",2,0.247,TRUE
"RE1-OB","Isolation Forest","RE1-OB_adservice_disk_1","disk",3,0.885,TRUE
"RE1-OB","OC-SVM","RE1-OB_adservice_disk_1","disk",1,0.007,FALSE
"RE1-OB","OC-SVM","RE1-OB_adservice_disk_1","disk",2,0.95,TRUE
"RE1-OB","OC-SVM","RE1-OB_adservice_disk_1","disk",3,1,TRUE
"RE1-OB","PCA","RE1-OB_adservice_disk_2","disk",1,0.007,FALSE
"RE1-OB","PCA","RE1-OB_adservice_disk_2","disk",2,0.99,TRUE
"RE1-OB","PCA","RE1-OB_adservice_disk_2","disk",3,1,TRUE
"RE1-OB","Isolation Forest","RE1-OB_adservice_disk_2","disk",1,0.007,FALSE
"RE1-OB","Isolation Forest","RE1-OB_adservice_disk_2","disk",2,0.09,FALSE
"RE1-OB","Isolation Forest","RE1-OB_adservice_disk_2","disk",3,0.098,FALSE
"RE1-OB","OC-SVM","RE1-OB_adservice_disk_2","disk",1,0.007,FALSE
"RE1-OB","OC-SVM","RE1-OB_adservice_disk_2","disk",2,0.99,TRUE
"RE1-OB","OC-SVM","RE1-OB_adservice_disk_2","disk",3,1,TRUE
"RE1-OB","PCA","RE1-OB_adservice_disk_3","disk",1,0.007,FALSE
"RE1-OB","PCA","RE1-OB_adservice_disk_3","disk",2,0.877,TRUE
"RE1-OB","PCA","RE1-OB_adservice_disk_3","disk",3,1,TRUE
"RE1-OB","Isolation Forest","RE1-OB_adservice_disk_3","disk",1,0.007,FALSE
"RE1-OB","Isolation Forest","RE1-OB_adservice_disk_3","disk",2,0,FALSE
"RE1-OB","Isolation Forest","RE1-OB_adservice_disk_3","disk",3,0.066,FALSE
"RE1-OB","OC-SVM","RE1-OB_adservice_disk_3","disk",1,0,FALSE
"RE1-OB","OC-SVM","RE1-OB_adservice_disk_3","disk",2,0,FALSE
"RE1-OB","OC-SVM","RE1-OB_adservice_disk_3","disk",3,0,FALSE
"RE1-OB","PCA","RE1-OB_adservice_disk_4","disk",1,0.007,FALSE
"RE1-OB","PCA","RE1-OB_adservice_disk_4","disk",2,0.97,TRUE
"RE1-OB","PCA","RE1-OB_adservice_disk_4","disk",3,1,TRUE
"RE1-OB","Isolation Forest","RE1-OB_adservice_disk_4","disk",1,0.007,FALSE
"RE1-OB","Isolation Forest","RE1-OB_adservice_disk_4","disk",2,0.207,TRUE
"RE1-OB","Isolation Forest","RE1-OB_adservice_disk_4","disk",3,0.295,TRUE
"RE1-OB","OC-SVM","RE1-OB_adservice_disk_4","disk",1,0.007,FALSE
"RE1-OB","OC-SVM","RE1-OB_adservice_disk_4","disk",2,0.97,TRUE
"RE1-OB","OC-SVM","RE1-OB_adservice_disk_4","disk",3,1,TRUE
"RE1-OB","PCA","RE1-OB_adservice_disk_5","disk",1,0.007,FALSE
"RE1-OB","PCA","RE1-OB_adservice_disk_5","disk",2,0.933,TRUE
"RE1-OB","PCA","RE1-OB_adservice_disk_5","disk",3,1,TRUE
"RE1-OB","Isolation Forest","RE1-OB_adservice_disk_5","disk",1,0.007,FALSE
"RE1-OB","Isolation Forest","RE1-OB_adservice_disk_5","disk",2,0.057,FALSE
"RE1-OB","Isolation Forest","RE1-OB_adservice_disk_5","disk",3,0.213,TRUE
"RE1-OB","OC-SVM","RE1-OB_adservice_disk_5","disk",1,0.007,FALSE
"RE1-OB","OC-SVM","RE1-OB_adservice_disk_5","disk",2,0.933,TRUE
"RE1-OB","OC-SVM","RE1-OB_adservice_disk_5","disk",3,1,TRUE
"RE1-OB","PCA","RE1-OB_adservice_mem_1","mem",1,0.007,FALSE
"RE1-OB","PCA","RE1-OB_adservice_mem_1","mem",2,0.947,TRUE
"RE1-OB","PCA","RE1-OB_adservice_mem_1","mem",3,1,TRUE
"RE1-OB","PCA","RE1-OB_adservice_mem_1","mem",4,1,TRUE
"RE1-OB","PCA","RE1-OB_adservice_mem_1","mem",5,1,TRUE
"RE1-OB","PCA","RE1-OB_adservice_mem_1","mem",6,1,TRUE
"RE1-OB","Isolation Forest","RE1-OB_adservice_mem_1","mem",1,0.01,FALSE
"RE1-OB","Isolation Forest","RE1-OB_adservice_mem_1","mem",2,0.23,TRUE
"RE1-OB","Isolation Forest","RE1-OB_adservice_mem_1","mem",3,0.253,TRUE
"RE1-OB","Isolation Forest","RE1-OB_adservice_mem_1","mem",4,0.277,TRUE
"RE1-OB","Isolation Forest","RE1-OB_adservice_mem_1","mem",5,0.203,TRUE
"RE1-OB","Isolation Forest","RE1-OB_adservice_mem_1","mem",6,0.193,TRUE
"RE1-OB","OC-SVM","RE1-OB_adservice_mem_1","mem",1,0.007,FALSE
"RE1-OB","OC-SVM","RE1-OB_adservice_mem_1","mem",2,0.947,TRUE
"RE1-OB","OC-SVM","RE1-OB_adservice_mem_1","mem",3,1,TRUE
"RE1-OB","OC-SVM","RE1-OB_adservice_mem_1","mem",4,1,TRUE
"RE1-OB","OC-SVM","RE1-OB_adservice_mem_1","mem",5,1,TRUE
"RE1-OB","OC-SVM","RE1-OB_adservice_mem_1","mem",6,1,TRUE
"RE1-OB","PCA","RE1-OB_adservice_mem_2","mem",1,0.007,FALSE
"RE1-OB","PCA","RE1-OB_adservice_mem_2","mem",2,0.963,TRUE
"RE1-OB","PCA","RE1-OB_adservice_mem_2","mem",3,1,TRUE
"RE1-OB","PCA","RE1-OB_adservice_mem_2","mem",4,1,TRUE
"RE1-OB","PCA","RE1-OB_adservice_mem_2","mem",5,1,TRUE
"RE1-OB","PCA","RE1-OB_adservice_mem_2","mem",6,1,TRUE
"RE1-OB","Isolation Forest","RE1-OB_adservice_mem_2","mem",1,0.01,FALSE
"RE1-OB","Isolation Forest","RE1-OB_adservice_mem_2","mem",2,0.127,TRUE
"RE1-OB","Isolation Forest","RE1-OB_adservice_mem_2","mem",3,0.193,TRUE
"RE1-OB","Isolation Forest","RE1-OB_adservice_mem_2","mem",4,0.307,TRUE
"RE1-OB","Isolation Forest","RE1-OB_adservice_mem_2","mem",5,0.51,TRUE
"RE1-OB","Isolation Forest","RE1-OB_adservice_mem_2","mem",6,0.597,TRUE
"RE1-OB","OC-SVM","RE1-OB_adservice_mem_2","mem",1,0.007,FALSE
"RE1-OB","OC-SVM","RE1-OB_adservice_mem_2","mem",2,0.963,TRUE
"RE1-OB","OC-SVM","RE1-OB_adservice_mem_2","mem",3,1,TRUE
"RE1-OB","OC-SVM","RE1-OB_adservice_mem_2","mem",4,1,TRUE
"RE1-OB","OC-SVM","RE1-OB_adservice_mem_2","mem",5,1,TRUE
"RE1-OB","OC-SVM","RE1-OB_adservice_mem_2","mem",6,1,TRUE
"RE1-OB","PCA","RE1-OB_adservice_mem_3","mem",1,0.007,FALSE
"RE1-OB","PCA","RE1-OB_adservice_mem_3","mem",2,0,FALSE
"RE1-OB","PCA","RE1-OB_adservice_mem_3","mem",3,0.05,FALSE
"RE1-OB","PCA","RE1-OB_adservice_mem_3","mem",4,0,FALSE
"RE1-OB","PCA","RE1-OB_adservice_mem_3","mem",5,0,FALSE
"RE1-OB","PCA","RE1-OB_adservice_mem_3","mem",6,0,FALSE
"RE1-OB","Isolation Forest","RE1-OB_adservice_mem_3","mem",1,0.007,FALSE
"RE1-OB","Isolation Forest","RE1-OB_adservice_mem_3","mem",2,0.007,FALSE
"RE1-OB","Isolation Forest","RE1-OB_adservice_mem_3","mem",3,0.003,FALSE
"RE1-OB","Isolation Forest","RE1-OB_adservice_mem_3","mem",4,0.007,FALSE
"RE1-OB","Isolation Forest","RE1-OB_adservice_mem_3","mem",5,0,FALSE
"RE1-OB","Isolation Forest","RE1-OB_adservice_mem_3","mem",6,0,FALSE
"RE1-OB","OC-SVM","RE1-OB_adservice_mem_3","mem",1,0,FALSE
"RE1-OB","OC-SVM","RE1-OB_adservice_mem_3","mem",2,0,FALSE
"RE1-OB","OC-SVM","RE1-OB_adservice_mem_3","mem",3,0,FALSE
"RE1-OB","OC-SVM","RE1-OB_adservice_mem_3","mem",4,0,FALSE
"RE1-OB","OC-SVM","RE1-OB_adservice_mem_3","mem",5,0,FALSE
"RE1-OB","OC-SVM","RE1-OB_adservice_mem_3","mem",6,0,FALSE
"RE1-OB","PCA","RE1-OB_adservice_mem_4","mem",1,0.007,FALSE
"RE1-OB","PCA","RE1-OB_adservice_mem_4","mem",2,0.993,TRUE
"RE1-OB","PCA","RE1-OB_adservice_mem_4","mem",3,1,TRUE
"RE1-OB","PCA","RE1-OB_adservice_mem_4","mem",4,1,TRUE
"RE1-OB","PCA","RE1-OB_adservice_mem_4","mem",5,1,TRUE
"RE1-OB","PCA","RE1-OB_adservice_mem_4","mem",6,1,TRUE
"RE1-OB","Isolation Forest","RE1-OB_adservice_mem_4","mem",1,0.013,FALSE
"RE1-OB","Isolation Forest","RE1-OB_adservice_mem_4","mem",2,0.36,TRUE
"RE1-OB","Isolation Forest","RE1-OB_adservice_mem_4","mem",3,0.637,TRUE
"RE1-OB","Isolation Forest","RE1-OB_adservice_mem_4","mem",4,0.273,TRUE
"RE1-OB","Isolation Forest","RE1-OB_adservice_mem_4","mem",5,0.497,TRUE
"RE1-OB","Isolation Forest","RE1-OB_adservice_mem_4","mem",6,0.383,TRUE
"RE1-OB","OC-SVM","RE1-OB_adservice_mem_4","mem",1,0.007,FALSE
"RE1-OB","OC-SVM","RE1-OB_adservice_mem_4","mem",2,0.96,TRUE
"RE1-OB","OC-SVM","RE1-OB_adservice_mem_4","mem",3,1,TRUE
"RE1-OB","OC-SVM","RE1-OB_adservice_mem_4","mem",4,1,TRUE
"RE1-OB","OC-SVM","RE1-OB_adservice_mem_4","mem",5,1,TRUE
"RE1-OB","OC-SVM","RE1-OB_adservice_mem_4","mem",6,1,TRUE
"RE1-OB","PCA","RE1-OB_adservice_mem_5","mem",1,0.007,FALSE
"RE1-OB","PCA","RE1-OB_adservice_mem_5","mem",2,0.97,TRUE
"RE1-OB","PCA","RE1-OB_adservice_mem_5","mem",3,1,TRUE
"RE1-OB","PCA","RE1-OB_adservice_mem_5","mem",4,1,TRUE
"RE1-OB","PCA","RE1-OB_adservice_mem_5","mem",5,1,TRUE
"RE1-OB","PCA","RE1-OB_adservice_mem_5","mem",6,1,TRUE
"RE1-OB","Isolation Forest","RE1-OB_adservice_mem_5","mem",1,0.007,FALSE
"RE1-OB","Isolation Forest","RE1-OB_adservice_mem_5","mem",2,0.013,FALSE
"RE1-OB","Isolation Forest","RE1-OB_adservice_mem_5","mem",3,0.007,FALSE
"RE1-OB","Isolation Forest","RE1-OB_adservice_mem_5","mem",4,0.007,FALSE
"RE1-OB","Isolation Forest","RE1-OB_adservice_mem_5","mem",5,0.003,FALSE
"RE1-OB","Isolation Forest","RE1-OB_adservice_mem_5","mem",6,0.007,FALSE
"RE1-OB","OC-SVM","RE1-OB_adservice_mem_5","mem",1,0.007,FALSE
"RE1-OB","OC-SVM","RE1-OB_adservice_mem_5","mem",2,0.97,TRUE
"RE1-OB","OC-SVM","RE1-OB_adservice_mem_5","mem",3,1,TRUE
"RE1-OB","OC-SVM","RE1-OB_adservice_mem_5","mem",4,1,TRUE
"RE1-OB","OC-SVM","RE1-OB_adservice_mem_5","mem",5,1,TRUE
"RE1-OB","OC-SVM","RE1-OB_adservice_mem_5","mem",6,1,TRUE
"RE1-OB","PCA","RE1-OB_cartservice_cpu_1","cpu",1,0.007,FALSE
"RE1-OB","PCA","RE1-OB_cartservice_cpu_1","cpu",2,0.967,TRUE
"RE1-OB","PCA","RE1-OB_cartservice_cpu_1","cpu",3,1,TRUE
"RE1-OB","PCA","RE1-OB_cartservice_cpu_1","cpu",4,1,TRUE
"RE1-OB","PCA","RE1-OB_cartservice_cpu_1","cpu",5,1,TRUE
"RE1-OB","PCA","RE1-OB_cartservice_cpu_1","cpu",6,1,TRUE
"RE1-OB","Isolation Forest","RE1-OB_cartservice_cpu_1","cpu",1,0.01,FALSE
"RE1-OB","Isolation Forest","RE1-OB_cartservice_cpu_1","cpu",2,0.023,FALSE
"RE1-OB","Isolation Forest","RE1-OB_cartservice_cpu_1","cpu",3,0.02,FALSE
"RE1-OB","Isolation Forest","RE1-OB_cartservice_cpu_1","cpu",4,0.067,FALSE
"RE1-OB","Isolation Forest","RE1-OB_cartservice_cpu_1","cpu",5,0.09,FALSE
"RE1-OB","Isolation Forest","RE1-OB_cartservice_cpu_1","cpu",6,0.123,TRUE
"RE1-OB","OC-SVM","RE1-OB_cartservice_cpu_1","cpu",1,0.007,FALSE
"RE1-OB","OC-SVM","RE1-OB_cartservice_cpu_1","cpu",2,0.967,TRUE
"RE1-OB","OC-SVM","RE1-OB_cartservice_cpu_1","cpu",3,1,TRUE
"RE1-OB","OC-SVM","RE1-OB_cartservice_cpu_1","cpu",4,1,TRUE
"RE1-OB","OC-SVM","RE1-OB_cartservice_cpu_1","cpu",5,1,TRUE
"RE1-OB","OC-SVM","RE1-OB_cartservice_cpu_1","cpu",6,1,TRUE
"RE1-OB","PCA","RE1-OB_cartservice_cpu_2","cpu",1,0.007,FALSE
"RE1-OB","PCA","RE1-OB_cartservice_cpu_2","cpu",2,0.993,TRUE
"RE1-OB","PCA","RE1-OB_cartservice_cpu_2","cpu",3,1,TRUE
"RE1-OB","PCA","RE1-OB_cartservice_cpu_2","cpu",4,1,TRUE
"RE1-OB","PCA","RE1-OB_cartservice_cpu_2","cpu",5,1,TRUE
"RE1-OB","PCA","RE1-OB_cartservice_cpu_2","cpu",6,1,TRUE
"RE1-OB","Isolation Forest","RE1-OB_cartservice_cpu_2","cpu",1,0.007,FALSE
"RE1-OB","Isolation Forest","RE1-OB_cartservice_cpu_2","cpu",2,0.02,FALSE
"RE1-OB","Isolation Forest","RE1-OB_cartservice_cpu_2","cpu",3,0.023,FALSE
"RE1-OB","Isolation Forest","RE1-OB_cartservice_cpu_2","cpu",4,0.013,FALSE
"RE1-OB","Isolation Forest","RE1-OB_cartservice_cpu_2","cpu",5,0.007,FALSE
"RE1-OB","Isolation Forest","RE1-OB_cartservice_cpu_2","cpu",6,0.01,FALSE
"RE1-OB","OC-SVM","RE1-OB_cartservice_cpu_2","cpu",1,0.007,FALSE
"RE1-OB","OC-SVM","RE1-OB_cartservice_cpu_2","cpu",2,0.993,TRUE
"RE1-OB","OC-SVM","RE1-OB_cartservice_cpu_2","cpu",3,1,TRUE
"RE1-OB","OC-SVM","RE1-OB_cartservice_cpu_2","cpu",4,1,TRUE
"RE1-OB","OC-SVM","RE1-OB_cartservice_cpu_2","cpu",5,1,TRUE
"RE1-OB","OC-SVM","RE1-OB_cartservice_cpu_2","cpu",6,1,TRUE
"RE1-OB","PCA","RE1-OB_cartservice_cpu_3","cpu",1,0.007,FALSE
"RE1-OB","PCA","RE1-OB_cartservice_cpu_3","cpu",2,0.087,FALSE
"RE1-OB","PCA","RE1-OB_cartservice_cpu_3","cpu",3,0,FALSE
"RE1-OB","PCA","RE1-OB_cartservice_cpu_3","cpu",4,0,FALSE
"RE1-OB","PCA","RE1-OB_cartservice_cpu_3","cpu",5,0,FALSE
"RE1-OB","PCA","RE1-OB_cartservice_cpu_3","cpu",6,0,FALSE
"RE1-OB","Isolation Forest","RE1-OB_cartservice_cpu_3","cpu",1,0.013,FALSE
"RE1-OB","Isolation Forest","RE1-OB_cartservice_cpu_3","cpu",2,0.01,FALSE
"RE1-OB","Isolation Forest","RE1-OB_cartservice_cpu_3","cpu",3,0.017,FALSE
"RE1-OB","Isolation Forest","RE1-OB_cartservice_cpu_3","cpu",4,0.007,FALSE
"RE1-OB","Isolation Forest","RE1-OB_cartservice_cpu_3","cpu",5,0.02,FALSE
"RE1-OB","Isolation Forest","RE1-OB_cartservice_cpu_3","cpu",6,0.023,FALSE
"RE1-OB","OC-SVM","RE1-OB_cartservice_cpu_3","cpu",1,0,FALSE
"RE1-OB","OC-SVM","RE1-OB_cartservice_cpu_3","cpu",2,0,FALSE
"RE1-OB","OC-SVM","RE1-OB_cartservice_cpu_3","cpu",3,0,FALSE
"RE1-OB","OC-SVM","RE1-OB_cartservice_cpu_3","cpu",4,0,FALSE
"RE1-OB","OC-SVM","RE1-OB_cartservice_cpu_3","cpu",5,0,FALSE
"RE1-OB","OC-SVM","RE1-OB_cartservice_cpu_3","cpu",6,0,FALSE
"RE1-OB","PCA","RE1-OB_cartservice_cpu_4","cpu",1,0.007,FALSE
"RE1-OB","PCA","RE1-OB_cartservice_cpu_4","cpu",2,0.953,TRUE
"RE1-OB","PCA","RE1-OB_cartservice_cpu_4","cpu",3,1,TRUE
"RE1-OB","PCA","RE1-OB_cartservice_cpu_4","cpu",4,1,TRUE
"RE1-OB","PCA","RE1-OB_cartservice_cpu_4","cpu",5,1,TRUE
"RE1-OB","PCA","RE1-OB_cartservice_cpu_4","cpu",6,1,TRUE
"RE1-OB","Isolation Forest","RE1-OB_cartservice_cpu_4","cpu",1,0.007,FALSE
"RE1-OB","Isolation Forest","RE1-OB_cartservice_cpu_4","cpu",2,0.06,FALSE
"RE1-OB","Isolation Forest","RE1-OB_cartservice_cpu_4","cpu",3,0.057,FALSE
"RE1-OB","Isolation Forest","RE1-OB_cartservice_cpu_4","cpu",4,0.067,FALSE
"RE1-OB","Isolation Forest","RE1-OB_cartservice_cpu_4","cpu",5,0.047,FALSE
"RE1-OB","Isolation Forest","RE1-OB_cartservice_cpu_4","cpu",6,0.08,FALSE
"RE1-OB","OC-SVM","RE1-OB_cartservice_cpu_4","cpu",1,0.007,FALSE
"RE1-OB","OC-SVM","RE1-OB_cartservice_cpu_4","cpu",2,0.953,TRUE
"RE1-OB","OC-SVM","RE1-OB_cartservice_cpu_4","cpu",3,1,TRUE
"RE1-OB","OC-SVM","RE1-OB_cartservice_cpu_4","cpu",4,1,TRUE
"RE1-OB","OC-SVM","RE1-OB_cartservice_cpu_4","cpu",5,1,TRUE
"RE1-OB","OC-SVM","RE1-OB_cartservice_cpu_4","cpu",6,1,TRUE
"RE1-OB","PCA","RE1-OB_cartservice_cpu_5","cpu",1,0.007,FALSE
"RE1-OB","PCA","RE1-OB_cartservice_cpu_5","cpu",2,1,TRUE
"RE1-OB","PCA","RE1-OB_cartservice_cpu_5","cpu",3,1,TRUE
"RE1-OB","PCA","RE1-OB_cartservice_cpu_5","cpu",4,1,TRUE
"RE1-OB","PCA","RE1-OB_cartservice_cpu_5","cpu",5,1,TRUE
"RE1-OB","PCA","RE1-OB_cartservice_cpu_5","cpu",6,1,TRUE
"RE1-OB","Isolation Forest","RE1-OB_cartservice_cpu_5","cpu",1,0.007,FALSE
"RE1-OB","Isolation Forest","RE1-OB_cartservice_cpu_5","cpu",2,0.03,FALSE
"RE1-OB","Isolation Forest","RE1-OB_cartservice_cpu_5","cpu",3,0.02,FALSE
"RE1-OB","Isolation Forest","RE1-OB_cartservice_cpu_5","cpu",4,0.04,FALSE
"RE1-OB","Isolation Forest","RE1-OB_cartservice_cpu_5","cpu",5,0.053,FALSE
"RE1-OB","Isolation Forest","RE1-OB_cartservice_cpu_5","cpu",6,0.057,FALSE
"RE1-OB","OC-SVM","RE1-OB_cartservice_cpu_5","cpu",1,0,FALSE
"RE1-OB","OC-SVM","RE1-OB_cartservice_cpu_5","cpu",2,0,FALSE
"RE1-OB","OC-SVM","RE1-OB_cartservice_cpu_5","cpu",3,0,FALSE
"RE1-OB","OC-SVM","RE1-OB_cartservice_cpu_5","cpu",4,0,FALSE
"RE1-OB","OC-SVM","RE1-OB_cartservice_cpu_5","cpu",5,0,FALSE
"RE1-OB","OC-SVM","RE1-OB_cartservice_cpu_5","cpu",6,0,FALSE
"RE1-OB","PCA","RE1-OB_cartservice_delay_1","delay",1,0.007,FALSE
"RE1-OB","PCA","RE1-OB_cartservice_delay_1","delay",2,0.973,TRUE
"RE1-OB","PCA","RE1-OB_cartservice_delay_1","delay",3,1,TRUE
"RE1-OB","Isolation Forest","RE1-OB_cartservice_delay_1","delay",1,0.007,FALSE
"RE1-OB","Isolation Forest","RE1-OB_cartservice_delay_1","delay",2,0.073,FALSE
"RE1-OB","Isolation Forest","RE1-OB_cartservice_delay_1","delay",3,0,FALSE
"RE1-OB","OC-SVM","RE1-OB_cartservice_delay_1","delay",1,0.007,FALSE
"RE1-OB","OC-SVM","RE1-OB_cartservice_delay_1","delay",2,0.973,TRUE
"RE1-OB","OC-SVM","RE1-OB_cartservice_delay_1","delay",3,1,TRUE
"RE1-OB","PCA","RE1-OB_cartservice_delay_2","delay",1,0.007,FALSE
"RE1-OB","PCA","RE1-OB_cartservice_delay_2","delay",2,0.967,TRUE
"RE1-OB","PCA","RE1-OB_cartservice_delay_2","delay",3,1,TRUE
"RE1-OB","Isolation Forest","RE1-OB_cartservice_delay_2","delay",1,0.017,FALSE
"RE1-OB","Isolation Forest","RE1-OB_cartservice_delay_2","delay",2,0.793,TRUE
"RE1-OB","Isolation Forest","RE1-OB_cartservice_delay_2","delay",3,0.918,TRUE
"RE1-OB","OC-SVM","RE1-OB_cartservice_delay_2","delay",1,0,FALSE
"RE1-OB","OC-SVM","RE1-OB_cartservice_delay_2","delay",2,0,FALSE
"RE1-OB","OC-SVM","RE1-OB_cartservice_delay_2","delay",3,0,FALSE
"RE1-OB","PCA","RE1-OB_cartservice_delay_3","delay",1,0.007,FALSE
"RE1-OB","PCA","RE1-OB_cartservice_delay_3","delay",2,0.97,TRUE
"RE1-OB","PCA","RE1-OB_cartservice_delay_3","delay",3,1,TRUE
"RE1-OB","Isolation Forest","RE1-OB_cartservice_delay_3","delay",1,0.007,FALSE
"RE1-OB","Isolation Forest","RE1-OB_cartservice_delay_3","delay",2,0.587,TRUE
"RE1-OB","Isolation Forest","RE1-OB_cartservice_delay_3","delay",3,0.475,TRUE
"RE1-OB","OC-SVM","RE1-OB_cartservice_delay_3","delay",1,0.007,FALSE
"RE1-OB","OC-SVM","RE1-OB_cartservice_delay_3","delay",2,0.963,TRUE
"RE1-OB","OC-SVM","RE1-OB_cartservice_delay_3","delay",3,1,TRUE
"RE1-OB","PCA","RE1-OB_cartservice_delay_4","delay",1,0.007,FALSE
"RE1-OB","PCA","RE1-OB_cartservice_delay_4","delay",2,0.98,TRUE
"RE1-OB","PCA","RE1-OB_cartservice_delay_4","delay",3,1,TRUE
"RE1-OB","Isolation Forest","RE1-OB_cartservice_delay_4","delay",1,0.01,FALSE
"RE1-OB","Isolation Forest","RE1-OB_cartservice_delay_4","delay",2,0.003,FALSE
"RE1-OB","Isolation Forest","RE1-OB_cartservice_delay_4","delay",3,0,FALSE
"RE1-OB","OC-SVM","RE1-OB_cartservice_delay_4","delay",1,0.007,FALSE
"RE1-OB","OC-SVM","RE1-OB_cartservice_delay_4","delay",2,0.98,TRUE
"RE1-OB","OC-SVM","RE1-OB_cartservice_delay_4","delay",3,1,TRUE
"RE1-OB","PCA","RE1-OB_cartservice_delay_5","delay",1,0.007,FALSE
"RE1-OB","PCA","RE1-OB_cartservice_delay_5","delay",2,0.953,TRUE
"RE1-OB","PCA","RE1-OB_cartservice_delay_5","delay",3,1,TRUE
"RE1-OB","Isolation Forest","RE1-OB_cartservice_delay_5","delay",1,0.007,FALSE
"RE1-OB","Isolation Forest","RE1-OB_cartservice_delay_5","delay",2,0.037,FALSE
"RE1-OB","Isolation Forest","RE1-OB_cartservice_delay_5","delay",3,0.049,FALSE
"RE1-OB","OC-SVM","RE1-OB_cartservice_delay_5","delay",1,0.007,FALSE
"RE1-OB","OC-SVM","RE1-OB_cartservice_delay_5","delay",2,0.953,TRUE
"RE1-OB","OC-SVM","RE1-OB_cartservice_delay_5","delay",3,1,TRUE
"RE1-OB","PCA","RE1-OB_cartservice_disk_1","disk",1,0.007,FALSE
"RE1-OB","PCA","RE1-OB_cartservice_disk_1","disk",2,1,TRUE
"RE1-OB","PCA","RE1-OB_cartservice_disk_1","disk",3,1,TRUE
"RE1-OB","Isolation Forest","RE1-OB_cartservice_disk_1","disk",1,0.007,FALSE
"RE1-OB","Isolation Forest","RE1-OB_cartservice_disk_1","disk",2,0.903,TRUE
"RE1-OB","Isolation Forest","RE1-OB_cartservice_disk_1","disk",3,0.492,TRUE
"RE1-OB","OC-SVM","RE1-OB_cartservice_disk_1","disk",1,0.007,FALSE
"RE1-OB","OC-SVM","RE1-OB_cartservice_disk_1","disk",2,1,TRUE
"RE1-OB","OC-SVM","RE1-OB_cartservice_disk_1","disk",3,1,TRUE
"RE1-OB","PCA","RE1-OB_cartservice_disk_2","disk",1,0.007,FALSE
"RE1-OB","PCA","RE1-OB_cartservice_disk_2","disk",2,0.98,TRUE
"RE1-OB","PCA","RE1-OB_cartservice_disk_2","disk",3,1,TRUE
"RE1-OB","Isolation Forest","RE1-OB_cartservice_disk_2","disk",1,0.017,FALSE
"RE1-OB","Isolation Forest","RE1-OB_cartservice_disk_2","disk",2,0.697,TRUE
"RE1-OB","Isolation Forest","RE1-OB_cartservice_disk_2","disk",3,0.738,TRUE
"RE1-OB","OC-SVM","RE1-OB_cartservice_disk_2","disk",1,0.007,FALSE
"RE1-OB","OC-SVM","RE1-OB_cartservice_disk_2","disk",2,0.98,TRUE
"RE1-OB","OC-SVM","RE1-OB_cartservice_disk_2","disk",3,1,TRUE
"RE1-OB","PCA","RE1-OB_cartservice_disk_3","disk",1,0.007,FALSE
"RE1-OB","PCA","RE1-OB_cartservice_disk_3","disk",2,0.977,TRUE
"RE1-OB","PCA","RE1-OB_cartservice_disk_3","disk",3,1,TRUE
"RE1-OB","Isolation Forest","RE1-OB_cartservice_disk_3","disk",1,0.007,FALSE
"RE1-OB","Isolation Forest","RE1-OB_cartservice_disk_3","disk",2,0,FALSE
"RE1-OB","Isolation Forest","RE1-OB_cartservice_disk_3","disk",3,0,FALSE
"RE1-OB","OC-SVM","RE1-OB_cartservice_disk_3","disk",1,0.007,FALSE
"RE1-OB","OC-SVM","RE1-OB_cartservice_disk_3","disk",2,0.977,TRUE
"RE1-OB","OC-SVM","RE1-OB_cartservice_disk_3","disk",3,1,TRUE
"RE1-OB","PCA","RE1-OB_cartservice_disk_4","disk",1,0.007,FALSE
"RE1-OB","PCA","RE1-OB_cartservice_disk_4","disk",2,0.97,TRUE
"RE1-OB","PCA","RE1-OB_cartservice_disk_4","disk",3,1,TRUE
"RE1-OB","Isolation Forest","RE1-OB_cartservice_disk_4","disk",1,0.007,FALSE
"RE1-OB","Isolation Forest","RE1-OB_cartservice_disk_4","disk",2,0.873,TRUE
"RE1-OB","Isolation Forest","RE1-OB_cartservice_disk_4","disk",3,0.967,TRUE
"RE1-OB","OC-SVM","RE1-OB_cartservice_disk_4","disk",1,0.007,FALSE
"RE1-OB","OC-SVM","RE1-OB_cartservice_disk_4","disk",2,0.96,TRUE
"RE1-OB","OC-SVM","RE1-OB_cartservice_disk_4","disk",3,1,TRUE
"RE1-OB","PCA","RE1-OB_cartservice_disk_5","disk",1,0.007,FALSE
"RE1-OB","PCA","RE1-OB_cartservice_disk_5","disk",2,0.987,TRUE
"RE1-OB","PCA","RE1-OB_cartservice_disk_5","disk",3,1,TRUE
"RE1-OB","Isolation Forest","RE1-OB_cartservice_disk_5","disk",1,0.007,FALSE
"RE1-OB","Isolation Forest","RE1-OB_cartservice_disk_5","disk",2,0.86,TRUE
"RE1-OB","Isolation Forest","RE1-OB_cartservice_disk_5","disk",3,0.787,TRUE
"RE1-OB","OC-SVM","RE1-OB_cartservice_disk_5","disk",1,0.007,FALSE
"RE1-OB","OC-SVM","RE1-OB_cartservice_disk_5","disk",2,0.983,TRUE
"RE1-OB","OC-SVM","RE1-OB_cartservice_disk_5","disk",3,1,TRUE
"RE1-OB","PCA","RE1-OB_cartservice_mem_1","mem",1,0.007,FALSE
"RE1-OB","PCA","RE1-OB_cartservice_mem_1","mem",2,0.977,TRUE
"RE1-OB","PCA","RE1-OB_cartservice_mem_1","mem",3,1,TRUE
"RE1-OB","PCA","RE1-OB_cartservice_mem_1","mem",4,1,TRUE
"RE1-OB","PCA","RE1-OB_cartservice_mem_1","mem",5,1,TRUE
"RE1-OB","PCA","RE1-OB_cartservice_mem_1","mem",6,1,TRUE
"RE1-OB","Isolation Forest","RE1-OB_cartservice_mem_1","mem",1,0.013,FALSE
"RE1-OB","Isolation Forest","RE1-OB_cartservice_mem_1","mem",2,0.65,TRUE
"RE1-OB","Isolation Forest","RE1-OB_cartservice_mem_1","mem",3,0.783,TRUE
"RE1-OB","Isolation Forest","RE1-OB_cartservice_mem_1","mem",4,0.76,TRUE
"RE1-OB","Isolation Forest","RE1-OB_cartservice_mem_1","mem",5,0.707,TRUE
"RE1-OB","Isolation Forest","RE1-OB_cartservice_mem_1","mem",6,0.787,TRUE
"RE1-OB","OC-SVM","RE1-OB_cartservice_mem_1","mem",1,0,FALSE
"RE1-OB","OC-SVM","RE1-OB_cartservice_mem_1","mem",2,0,FALSE
"RE1-OB","OC-SVM","RE1-OB_cartservice_mem_1","mem",3,0,FALSE
"RE1-OB","OC-SVM","RE1-OB_cartservice_mem_1","mem",4,0,FALSE
"RE1-OB","OC-SVM","RE1-OB_cartservice_mem_1","mem",5,0,FALSE
"RE1-OB","OC-SVM","RE1-OB_cartservice_mem_1","mem",6,0,FALSE
"RE1-OB","PCA","RE1-OB_cartservice_mem_2","mem",1,0.007,FALSE
"RE1-OB","PCA","RE1-OB_cartservice_mem_2","mem",2,0.96,TRUE
"RE1-OB","PCA","RE1-OB_cartservice_mem_2","mem",3,1,TRUE
"RE1-OB","PCA","RE1-OB_cartservice_mem_2","mem",4,1,TRUE
"RE1-OB","PCA","RE1-OB_cartservice_mem_2","mem",5,1,TRUE
"RE1-OB","PCA","RE1-OB_cartservice_mem_2","mem",6,1,TRUE
"RE1-OB","Isolation Forest","RE1-OB_cartservice_mem_2","mem",1,0.007,FALSE
"RE1-OB","Isolation Forest","RE1-OB_cartservice_mem_2","mem",2,0.05,FALSE
"RE1-OB","Isolation Forest","RE1-OB_cartservice_mem_2","mem",3,0.073,FALSE
"RE1-OB","Isolation Forest","RE1-OB_cartservice_mem_2","mem",4,0.01,FALSE
"RE1-OB","Isolation Forest","RE1-OB_cartservice_mem_2","mem",5,0.043,FALSE
"RE1-OB","Isolation Forest","RE1-OB_cartservice_mem_2","mem",6,0.023,FALSE
"RE1-OB","OC-SVM","RE1-OB_cartservice_mem_2","mem",1,0.007,FALSE
"RE1-OB","OC-SVM","RE1-OB_cartservice_mem_2","mem",2,0.96,TRUE
"RE1-OB","OC-SVM","RE1-OB_cartservice_mem_2","mem",3,1,TRUE
"RE1-OB","OC-SVM","RE1-OB_cartservice_mem_2","mem",4,1,TRUE
"RE1-OB","OC-SVM","RE1-OB_cartservice_mem_2","mem",5,1,TRUE
"RE1-OB","OC-SVM","RE1-OB_cartservice_mem_2","mem",6,1,TRUE
"RE1-OB","PCA","RE1-OB_cartservice_mem_3","mem",1,0.007,FALSE
"RE1-OB","PCA","RE1-OB_cartservice_mem_3","mem",2,0.047,FALSE
"RE1-OB","PCA","RE1-OB_cartservice_mem_3","mem",3,0.427,TRUE
"RE1-OB","PCA","RE1-OB_cartservice_mem_3","mem",4,0.08,FALSE
"RE1-OB","PCA","RE1-OB_cartservice_mem_3","mem",5,0.393,TRUE
"RE1-OB","PCA","RE1-OB_cartservice_mem_3","mem",6,0.653,TRUE
"RE1-OB","Isolation Forest","RE1-OB_cartservice_mem_3","mem",1,0.007,FALSE
"RE1-OB","Isolation Forest","RE1-OB_cartservice_mem_3","mem",2,0.26,TRUE
"RE1-OB","Isolation Forest","RE1-OB_cartservice_mem_3","mem",3,0.447,TRUE
"RE1-OB","Isolation Forest","RE1-OB_cartservice_mem_3","mem",4,0.357,TRUE
"RE1-OB","Isolation Forest","RE1-OB_cartservice_mem_3","mem",5,0.32,TRUE
"RE1-OB","Isolation Forest","RE1-OB_cartservice_mem_3","mem",6,0.353,TRUE
"RE1-OB","OC-SVM","RE1-OB_cartservice_mem_3","mem",1,0,FALSE
"RE1-OB","OC-SVM","RE1-OB_cartservice_mem_3","mem",2,0,FALSE
"RE1-OB","OC-SVM","RE1-OB_cartservice_mem_3","mem",3,0,FALSE
"RE1-OB","OC-SVM","RE1-OB_cartservice_mem_3","mem",4,0,FALSE
"RE1-OB","OC-SVM","RE1-OB_cartservice_mem_3","mem",5,0,FALSE
"RE1-OB","OC-SVM","RE1-OB_cartservice_mem_3","mem",6,0,FALSE
"RE1-OB","PCA","RE1-OB_cartservice_mem_4","mem",1,0.007,FALSE
"RE1-OB","PCA","RE1-OB_cartservice_mem_4","mem",2,0.99,TRUE
"RE1-OB","PCA","RE1-OB_cartservice_mem_4","mem",3,1,TRUE
"RE1-OB","PCA","RE1-OB_cartservice_mem_4","mem",4,1,TRUE
"RE1-OB","PCA","RE1-OB_cartservice_mem_4","mem",5,1,TRUE
"RE1-OB","PCA","RE1-OB_cartservice_mem_4","mem",6,1,TRUE
"RE1-OB","Isolation Forest","RE1-OB_cartservice_mem_4","mem",1,0.007,FALSE
"RE1-OB","Isolation Forest","RE1-OB_cartservice_mem_4","mem",2,0.1,TRUE
"RE1-OB","Isolation Forest","RE1-OB_cartservice_mem_4","mem",3,0.063,FALSE
"RE1-OB","Isolation Forest","RE1-OB_cartservice_mem_4","mem",4,0.077,FALSE
"RE1-OB","Isolation Forest","RE1-OB_cartservice_mem_4","mem",5,0.017,FALSE
"RE1-OB","Isolation Forest","RE1-OB_cartservice_mem_4","mem",6,0.08,FALSE
"RE1-OB","OC-SVM","RE1-OB_cartservice_mem_4","mem",1,0.007,FALSE
"RE1-OB","OC-SVM","RE1-OB_cartservice_mem_4","mem",2,0.99,TRUE
"RE1-OB","OC-SVM","RE1-OB_cartservice_mem_4","mem",3,1,TRUE
"RE1-OB","OC-SVM","RE1-OB_cartservice_mem_4","mem",4,1,TRUE
"RE1-OB","OC-SVM","RE1-OB_cartservice_mem_4","mem",5,1,TRUE
"RE1-OB","OC-SVM","RE1-OB_cartservice_mem_4","mem",6,1,TRUE
"RE1-OB","PCA","RE1-OB_cartservice_mem_5","mem",1,0.007,FALSE
"RE1-OB","PCA","RE1-OB_cartservice_mem_5","mem",2,0.987,TRUE
"RE1-OB","PCA","RE1-OB_cartservice_mem_5","mem",3,1,TRUE
"RE1-OB","PCA","RE1-OB_cartservice_mem_5","mem",4,1,TRUE
"RE1-OB","PCA","RE1-OB_cartservice_mem_5","mem",5,1,TRUE
"RE1-OB","PCA","RE1-OB_cartservice_mem_5","mem",6,1,TRUE
"RE1-OB","Isolation Forest","RE1-OB_cartservice_mem_5","mem",1,0.013,FALSE
"RE1-OB","Isolation Forest","RE1-OB_cartservice_mem_5","mem",2,0.427,TRUE
"RE1-OB","Isolation Forest","RE1-OB_cartservice_mem_5","mem",3,0.61,TRUE
"RE1-OB","Isolation Forest","RE1-OB_cartservice_mem_5","mem",4,0.697,TRUE
"RE1-OB","Isolation Forest","RE1-OB_cartservice_mem_5","mem",5,0.777,TRUE
"RE1-OB","Isolation Forest","RE1-OB_cartservice_mem_5","mem",6,0.587,TRUE
"RE1-OB","OC-SVM","RE1-OB_cartservice_mem_5","mem",1,0,FALSE
"RE1-OB","OC-SVM","RE1-OB_cartservice_mem_5","mem",2,0,FALSE
"RE1-OB","OC-SVM","RE1-OB_cartservice_mem_5","mem",3,0,FALSE
"RE1-OB","OC-SVM","RE1-OB_cartservice_mem_5","mem",4,0,FALSE
"RE1-OB","OC-SVM","RE1-OB_cartservice_mem_5","mem",5,0,FALSE
"RE1-OB","OC-SVM","RE1-OB_cartservice_mem_5","mem",6,0,FALSE
"RE1-OB","PCA","RE1-OB_checkoutservice_cpu_1","cpu",1,0.007,FALSE
"RE1-OB","PCA","RE1-OB_checkoutservice_cpu_1","cpu",2,0.963,TRUE
"RE1-OB","PCA","RE1-OB_checkoutservice_cpu_1","cpu",3,1,TRUE
"RE1-OB","PCA","RE1-OB_checkoutservice_cpu_1","cpu",4,1,TRUE
"RE1-OB","PCA","RE1-OB_checkoutservice_cpu_1","cpu",5,1,TRUE
"RE1-OB","PCA","RE1-OB_checkoutservice_cpu_1","cpu",6,1,TRUE
"RE1-OB","Isolation Forest","RE1-OB_checkoutservice_cpu_1","cpu",1,0.007,FALSE
"RE1-OB","Isolation Forest","RE1-OB_checkoutservice_cpu_1","cpu",2,0.007,FALSE
"RE1-OB","Isolation Forest","RE1-OB_checkoutservice_cpu_1","cpu",3,0.013,FALSE
"RE1-OB","Isolation Forest","RE1-OB_checkoutservice_cpu_1","cpu",4,0.007,FALSE
"RE1-OB","Isolation Forest","RE1-OB_checkoutservice_cpu_1","cpu",5,0,FALSE
"RE1-OB","Isolation Forest","RE1-OB_checkoutservice_cpu_1","cpu",6,0.01,FALSE
"RE1-OB","OC-SVM","RE1-OB_checkoutservice_cpu_1","cpu",1,0,FALSE
"RE1-OB","OC-SVM","RE1-OB_checkoutservice_cpu_1","cpu",2,0,FALSE
"RE1-OB","OC-SVM","RE1-OB_checkoutservice_cpu_1","cpu",3,0,FALSE
"RE1-OB","OC-SVM","RE1-OB_checkoutservice_cpu_1","cpu",4,0,FALSE
"RE1-OB","OC-SVM","RE1-OB_checkoutservice_cpu_1","cpu",5,0,FALSE
"RE1-OB","OC-SVM","RE1-OB_checkoutservice_cpu_1","cpu",6,0,FALSE
"RE1-OB","PCA","RE1-OB_checkoutservice_cpu_2","cpu",1,0.007,FALSE
"RE1-OB","PCA","RE1-OB_checkoutservice_cpu_2","cpu",2,0.933,TRUE
"RE1-OB","PCA","RE1-OB_checkoutservice_cpu_2","cpu",3,1,TRUE
"RE1-OB","PCA","RE1-OB_checkoutservice_cpu_2","cpu",4,1,TRUE
"RE1-OB","PCA","RE1-OB_checkoutservice_cpu_2","cpu",5,1,TRUE
"RE1-OB","PCA","RE1-OB_checkoutservice_cpu_2","cpu",6,1,TRUE
"RE1-OB","Isolation Forest","RE1-OB_checkoutservice_cpu_2","cpu",1,0.007,FALSE
"RE1-OB","Isolation Forest","RE1-OB_checkoutservice_cpu_2","cpu",2,0.007,FALSE
"RE1-OB","Isolation Forest","RE1-OB_checkoutservice_cpu_2","cpu",3,0.003,FALSE
"RE1-OB","Isolation Forest","RE1-OB_checkoutservice_cpu_2","cpu",4,0.007,FALSE
"RE1-OB","Isolation Forest","RE1-OB_checkoutservice_cpu_2","cpu",5,0.02,FALSE
"RE1-OB","Isolation Forest","RE1-OB_checkoutservice_cpu_2","cpu",6,0.013,FALSE
"RE1-OB","OC-SVM","RE1-OB_checkoutservice_cpu_2","cpu",1,0.007,FALSE
"RE1-OB","OC-SVM","RE1-OB_checkoutservice_cpu_2","cpu",2,0.933,TRUE
"RE1-OB","OC-SVM","RE1-OB_checkoutservice_cpu_2","cpu",3,1,TRUE
"RE1-OB","OC-SVM","RE1-OB_checkoutservice_cpu_2","cpu",4,1,TRUE
"RE1-OB","OC-SVM","RE1-OB_checkoutservice_cpu_2","cpu",5,1,TRUE
"RE1-OB","OC-SVM","RE1-OB_checkoutservice_cpu_2","cpu",6,1,TRUE
"RE1-OB","PCA","RE1-OB_checkoutservice_cpu_3","cpu",1,0.007,FALSE
"RE1-OB","PCA","RE1-OB_checkoutservice_cpu_3","cpu",2,0.933,TRUE
"RE1-OB","PCA","RE1-OB_checkoutservice_cpu_3","cpu",3,1,TRUE
"RE1-OB","PCA","RE1-OB_checkoutservice_cpu_3","cpu",4,1,TRUE
"RE1-OB","PCA","RE1-OB_checkoutservice_cpu_3","cpu",5,1,TRUE
"RE1-OB","PCA","RE1-OB_checkoutservice_cpu_3","cpu",6,1,TRUE
"RE1-OB","Isolation Forest","RE1-OB_checkoutservice_cpu_3","cpu",1,0.007,FALSE
"RE1-OB","Isolation Forest","RE1-OB_checkoutservice_cpu_3","cpu",2,0.01,FALSE
"RE1-OB","Isolation Forest","RE1-OB_checkoutservice_cpu_3","cpu",3,0.013,FALSE
"RE1-OB","Isolation Forest","RE1-OB_checkoutservice_cpu_3","cpu",4,0.01,FALSE
"RE1-OB","Isolation Forest","RE1-OB_checkoutservice_cpu_3","cpu",5,0.01,FALSE
"RE1-OB","Isolation Forest","RE1-OB_checkoutservice_cpu_3","cpu",6,0.01,FALSE
"RE1-OB","OC-SVM","RE1-OB_checkoutservice_cpu_3","cpu",1,0,FALSE
"RE1-OB","OC-SVM","RE1-OB_checkoutservice_cpu_3","cpu",2,0,FALSE
"RE1-OB","OC-SVM","RE1-OB_checkoutservice_cpu_3","cpu",3,0,FALSE
"RE1-OB","OC-SVM","RE1-OB_checkoutservice_cpu_3","cpu",4,0,FALSE
"RE1-OB","OC-SVM","RE1-OB_checkoutservice_cpu_3","cpu",5,0,FALSE
"RE1-OB","OC-SVM","RE1-OB_checkoutservice_cpu_3","cpu",6,0,FALSE
"RE1-OB","PCA","RE1-OB_checkoutservice_cpu_4","cpu",1,0.007,FALSE
"RE1-OB","PCA","RE1-OB_checkoutservice_cpu_4","cpu",2,0.337,TRUE
"RE1-OB","PCA","RE1-OB_checkoutservice_cpu_4","cpu",3,0.461,TRUE
"RE1-OB","Isolation Forest","RE1-OB_checkoutservice_cpu_4","cpu",1,0.007,FALSE
"RE1-OB","Isolation Forest","RE1-OB_checkoutservice_cpu_4","cpu",2,0.01,FALSE
"RE1-OB","Isolation Forest","RE1-OB_checkoutservice_cpu_4","cpu",3,0,FALSE
"RE1-OB","OC-SVM","RE1-OB_checkoutservice_cpu_4","cpu",1,0,FALSE
"RE1-OB","OC-SVM","RE1-OB_checkoutservice_cpu_4","cpu",2,0,FALSE
"RE1-OB","OC-SVM","RE1-OB_checkoutservice_cpu_4","cpu",3,0,FALSE
"RE1-OB","PCA","RE1-OB_checkoutservice_cpu_5","cpu",1,0.007,FALSE
"RE1-OB","PCA","RE1-OB_checkoutservice_cpu_5","cpu",2,0.973,TRUE
"RE1-OB","PCA","RE1-OB_checkoutservice_cpu_5","cpu",3,1,TRUE
"RE1-OB","PCA","RE1-OB_checkoutservice_cpu_5","cpu",4,1,TRUE
"RE1-OB","PCA","RE1-OB_checkoutservice_cpu_5","cpu",5,1,TRUE
"RE1-OB","PCA","RE1-OB_checkoutservice_cpu_5","cpu",6,1,TRUE
"RE1-OB","Isolation Forest","RE1-OB_checkoutservice_cpu_5","cpu",1,0.007,FALSE
"RE1-OB","Isolation Forest","RE1-OB_checkoutservice_cpu_5","cpu",2,0,FALSE
"RE1-OB","Isolation Forest","RE1-OB_checkoutservice_cpu_5","cpu",3,0,FALSE
"RE1-OB","Isolation Forest","RE1-OB_checkoutservice_cpu_5","cpu",4,0.003,FALSE
"RE1-OB","Isolation Forest","RE1-OB_checkoutservice_cpu_5","cpu",5,0.013,FALSE
"RE1-OB","Isolation Forest","RE1-OB_checkoutservice_cpu_5","cpu",6,0,FALSE
"RE1-OB","OC-SVM","RE1-OB_checkoutservice_cpu_5","cpu",1,0.007,FALSE
"RE1-OB","OC-SVM","RE1-OB_checkoutservice_cpu_5","cpu",2,0.973,TRUE
"RE1-OB","OC-SVM","RE1-OB_checkoutservice_cpu_5","cpu",3,1,TRUE
"RE1-OB","OC-SVM","RE1-OB_checkoutservice_cpu_5","cpu",4,1,TRUE
"RE1-OB","OC-SVM","RE1-OB_checkoutservice_cpu_5","cpu",5,1,TRUE
"RE1-OB","OC-SVM","RE1-OB_checkoutservice_cpu_5","cpu",6,1,TRUE
"RE1-OB","PCA","RE1-OB_checkoutservice_delay_1","delay",1,0.007,FALSE
"RE1-OB","PCA","RE1-OB_checkoutservice_delay_1","delay",2,0.983,TRUE
"RE1-OB","PCA","RE1-OB_checkoutservice_delay_1","delay",3,1,TRUE
"RE1-OB","Isolation Forest","RE1-OB_checkoutservice_delay_1","delay",1,0.01,FALSE
"RE1-OB","Isolation Forest","RE1-OB_checkoutservice_delay_1","delay",2,0.117,TRUE
"RE1-OB","Isolation Forest","RE1-OB_checkoutservice_delay_1","delay",3,0.262,TRUE
"RE1-OB","OC-SVM","RE1-OB_checkoutservice_delay_1","delay",1,0.007,FALSE
"RE1-OB","OC-SVM","RE1-OB_checkoutservice_delay_1","delay",2,0.983,TRUE
"RE1-OB","OC-SVM","RE1-OB_checkoutservice_delay_1","delay",3,1,TRUE
"RE1-OB","PCA","RE1-OB_checkoutservice_delay_2","delay",1,0.007,FALSE
"RE1-OB","PCA","RE1-OB_checkoutservice_delay_2","delay",2,0.99,TRUE
"RE1-OB","PCA","RE1-OB_checkoutservice_delay_2","delay",3,1,TRUE
"RE1-OB","Isolation Forest","RE1-OB_checkoutservice_delay_2","delay",1,0.013,FALSE
"RE1-OB","Isolation Forest","RE1-OB_checkoutservice_delay_2","delay",2,0.69,TRUE
"RE1-OB","Isolation Forest","RE1-OB_checkoutservice_delay_2","delay",3,0.295,TRUE
"RE1-OB","OC-SVM","RE1-OB_checkoutservice_delay_2","delay",1,0.007,FALSE
"RE1-OB","OC-SVM","RE1-OB_checkoutservice_delay_2","delay",2,0.993,TRUE
"RE1-OB","OC-SVM","RE1-OB_checkoutservice_delay_2","delay",3,1,TRUE
"RE1-OB","PCA","RE1-OB_checkoutservice_delay_3","delay",1,0.007,FALSE
"RE1-OB","PCA","RE1-OB_checkoutservice_delay_3","delay",2,0.117,TRUE
"RE1-OB","PCA","RE1-OB_checkoutservice_delay_3","delay",3,0,FALSE
"RE1-OB","Isolation Forest","RE1-OB_checkoutservice_delay_3","delay",1,0.007,FALSE
"RE1-OB","Isolation Forest","RE1-OB_checkoutservice_delay_3","delay",2,0.623,TRUE
"RE1-OB","Isolation Forest","RE1-OB_checkoutservice_delay_3","delay",3,0.77,TRUE
"RE1-OB","OC-SVM","RE1-OB_checkoutservice_delay_3","delay",1,0,FALSE
"RE1-OB","OC-SVM","RE1-OB_checkoutservice_delay_3","delay",2,0,FALSE
"RE1-OB","OC-SVM","RE1-OB_checkoutservice_delay_3","delay",3,0,FALSE
"RE1-OB","PCA","RE1-OB_checkoutservice_delay_4","delay",1,0.007,FALSE
"RE1-OB","PCA","RE1-OB_checkoutservice_delay_4","delay",2,0.963,TRUE
"RE1-OB","PCA","RE1-OB_checkoutservice_delay_4","delay",3,1,TRUE
"RE1-OB","Isolation Forest","RE1-OB_checkoutservice_delay_4","delay",1,0.007,FALSE
"RE1-OB","Isolation Forest","RE1-OB_checkoutservice_delay_4","delay",2,0.013,FALSE
"RE1-OB","Isolation Forest","RE1-OB_checkoutservice_delay_4","delay",3,0,FALSE
"RE1-OB","OC-SVM","RE1-OB_checkoutservice_delay_4","delay",1,0.007,FALSE
"RE1-OB","OC-SVM","RE1-OB_checkoutservice_delay_4","delay",2,0.963,TRUE
"RE1-OB","OC-SVM","RE1-OB_checkoutservice_delay_4","delay",3,1,TRUE
"RE1-OB","PCA","RE1-OB_checkoutservice_delay_5","delay",1,0.007,FALSE
"RE1-OB","PCA","RE1-OB_checkoutservice_delay_5","delay",2,0.953,TRUE
"RE1-OB","PCA","RE1-OB_checkoutservice_delay_5","delay",3,1,TRUE
"RE1-OB","Isolation Forest","RE1-OB_checkoutservice_delay_5","delay",1,0.01,FALSE
"RE1-OB","Isolation Forest","RE1-OB_checkoutservice_delay_5","delay",2,0.15,TRUE
"RE1-OB","Isolation Forest","RE1-OB_checkoutservice_delay_5","delay",3,0.213,TRUE
"RE1-OB","OC-SVM","RE1-OB_checkoutservice_delay_5","delay",1,0.007,FALSE
"RE1-OB","OC-SVM","RE1-OB_checkoutservice_delay_5","delay",2,0.95,TRUE
"RE1-OB","OC-SVM","RE1-OB_checkoutservice_delay_5","delay",3,1,TRUE
"RE1-OB","PCA","RE1-OB_checkoutservice_disk_1","disk",1,0.007,FALSE
"RE1-OB","PCA","RE1-OB_checkoutservice_disk_1","disk",2,0.987,TRUE
"RE1-OB","PCA","RE1-OB_checkoutservice_disk_1","disk",3,1,TRUE
"RE1-OB","Isolation Forest","RE1-OB_checkoutservice_disk_1","disk",1,0.007,FALSE
"RE1-OB","Isolation Forest","RE1-OB_checkoutservice_disk_1","disk",2,0.033,FALSE
"RE1-OB","Isolation Forest","RE1-OB_checkoutservice_disk_1","disk",3,0.016,FALSE
"RE1-OB","OC-SVM","RE1-OB_checkoutservice_disk_1","disk",1,0.007,FALSE
"RE1-OB","OC-SVM","RE1-OB_checkoutservice_disk_1","disk",2,0.993,TRUE
"RE1-OB","OC-SVM","RE1-OB_checkoutservice_disk_1","disk",3,1,TRUE
"RE1-OB","PCA","RE1-OB_checkoutservice_disk_2","disk",1,0.007,FALSE
"RE1-OB","PCA","RE1-OB_checkoutservice_disk_2","disk",2,0.91,TRUE
"RE1-OB","PCA","RE1-OB_checkoutservice_disk_2","disk",3,1,TRUE
"RE1-OB","Isolation Forest","RE1-OB_checkoutservice_disk_2","disk",1,0.02,FALSE
"RE1-OB","Isolation Forest","RE1-OB_checkoutservice_disk_2","disk",2,0.337,TRUE
"RE1-OB","Isolation Forest","RE1-OB_checkoutservice_disk_2","disk",3,0.131,TRUE
"RE1-OB","OC-SVM","RE1-OB_checkoutservice_disk_2","disk",1,0,FALSE
"RE1-OB","OC-SVM","RE1-OB_checkoutservice_disk_2","disk",2,0,FALSE
"RE1-OB","OC-SVM","RE1-OB_checkoutservice_disk_2","disk",3,0,FALSE
"RE1-OB","PCA","RE1-OB_checkoutservice_disk_3","disk",1,0.007,FALSE
"RE1-OB","PCA","RE1-OB_checkoutservice_disk_3","disk",2,0.983,TRUE
"RE1-OB","PCA","RE1-OB_checkoutservice_disk_3","disk",3,1,TRUE
"RE1-OB","Isolation Forest","RE1-OB_checkoutservice_disk_3","disk",1,0.01,FALSE
"RE1-OB","Isolation Forest","RE1-OB_checkoutservice_disk_3","disk",2,0.917,TRUE
"RE1-OB","Isolation Forest","RE1-OB_checkoutservice_disk_3","disk",3,1,TRUE
"RE1-OB","OC-SVM","RE1-OB_checkoutservice_disk_3","disk",1,0.007,FALSE
"RE1-OB","OC-SVM","RE1-OB_checkoutservice_disk_3","disk",2,0.983,TRUE
"RE1-OB","OC-SVM","RE1-OB_checkoutservice_disk_3","disk",3,1,TRUE
"RE1-OB","PCA","RE1-OB_checkoutservice_disk_4","disk",1,0.007,FALSE
"RE1-OB","PCA","RE1-OB_checkoutservice_disk_4","disk",2,0.127,TRUE
"RE1-OB","PCA","RE1-OB_checkoutservice_disk_4","disk",3,0.607,TRUE
"RE1-OB","Isolation Forest","RE1-OB_checkoutservice_disk_4","disk",1,0.007,FALSE
"RE1-OB","Isolation Forest","RE1-OB_checkoutservice_disk_4","disk",2,0.007,FALSE
"RE1-OB","Isolation Forest","RE1-OB_checkoutservice_disk_4","disk",3,0,FALSE
"RE1-OB","OC-SVM","RE1-OB_checkoutservice_disk_4","disk",1,0,FALSE
"RE1-OB","OC-SVM","RE1-OB_checkoutservice_disk_4","disk",2,0,FALSE
"RE1-OB","OC-SVM","RE1-OB_checkoutservice_disk_4","disk",3,0,FALSE
"RE1-OB","PCA","RE1-OB_checkoutservice_disk_5","disk",1,0.007,FALSE
"RE1-OB","PCA","RE1-OB_checkoutservice_disk_5","disk",2,0.92,TRUE
"RE1-OB","PCA","RE1-OB_checkoutservice_disk_5","disk",3,1,TRUE
"RE1-OB","Isolation Forest","RE1-OB_checkoutservice_disk_5","disk",1,0.007,FALSE
"RE1-OB","Isolation Forest","RE1-OB_checkoutservice_disk_5","disk",2,0.023,FALSE
"RE1-OB","Isolation Forest","RE1-OB_checkoutservice_disk_5","disk",3,0.197,TRUE
"RE1-OB","OC-SVM","RE1-OB_checkoutservice_disk_5","disk",1,0,FALSE
"RE1-OB","OC-SVM","RE1-OB_checkoutservice_disk_5","disk",2,0,FALSE
"RE1-OB","OC-SVM","RE1-OB_checkoutservice_disk_5","disk",3,0,FALSE
"RE1-OB","PCA","RE1-OB_checkoutservice_mem_1","mem",1,0.007,FALSE
"RE1-OB","PCA","RE1-OB_checkoutservice_mem_1","mem",2,0.98,TRUE
"RE1-OB","PCA","RE1-OB_checkoutservice_mem_1","mem",3,1,TRUE
"RE1-OB","PCA","RE1-OB_checkoutservice_mem_1","mem",4,1,TRUE
"RE1-OB","PCA","RE1-OB_checkoutservice_mem_1","mem",5,1,TRUE
"RE1-OB","PCA","RE1-OB_checkoutservice_mem_1","mem",6,1,TRUE
"RE1-OB","Isolation Forest","RE1-OB_checkoutservice_mem_1","mem",1,0.01,FALSE
"RE1-OB","Isolation Forest","RE1-OB_checkoutservice_mem_1","mem",2,0.003,FALSE
"RE1-OB","Isolation Forest","RE1-OB_checkoutservice_mem_1","mem",3,0.02,FALSE
"RE1-OB","Isolation Forest","RE1-OB_checkoutservice_mem_1","mem",4,0.003,FALSE
"RE1-OB","Isolation Forest","RE1-OB_checkoutservice_mem_1","mem",5,0.03,FALSE
"RE1-OB","Isolation Forest","RE1-OB_checkoutservice_mem_1","mem",6,0.317,TRUE
"RE1-OB","OC-SVM","RE1-OB_checkoutservice_mem_1","mem",1,0.007,FALSE
"RE1-OB","OC-SVM","RE1-OB_checkoutservice_mem_1","mem",2,0.98,TRUE
"RE1-OB","OC-SVM","RE1-OB_checkoutservice_mem_1","mem",3,1,TRUE
"RE1-OB","OC-SVM","RE1-OB_checkoutservice_mem_1","mem",4,1,TRUE
"RE1-OB","OC-SVM","RE1-OB_checkoutservice_mem_1","mem",5,1,TRUE
"RE1-OB","OC-SVM","RE1-OB_checkoutservice_mem_1","mem",6,1,TRUE
"RE1-OB","PCA","RE1-OB_checkoutservice_mem_2","mem",1,0.007,FALSE
"RE1-OB","PCA","RE1-OB_checkoutservice_mem_2","mem",2,0.963,TRUE
"RE1-OB","PCA","RE1-OB_checkoutservice_mem_2","mem",3,1,TRUE
"RE1-OB","PCA","RE1-OB_checkoutservice_mem_2","mem",4,1,TRUE
"RE1-OB","PCA","RE1-OB_checkoutservice_mem_2","mem",5,1,TRUE
"RE1-OB","PCA","RE1-OB_checkoutservice_mem_2","mem",6,1,TRUE
"RE1-OB","Isolation Forest","RE1-OB_checkoutservice_mem_2","mem",1,0.007,FALSE
"RE1-OB","Isolation Forest","RE1-OB_checkoutservice_mem_2","mem",2,0.183,TRUE
"RE1-OB","Isolation Forest","RE1-OB_checkoutservice_mem_2","mem",3,0.637,TRUE
"RE1-OB","Isolation Forest","RE1-OB_checkoutservice_mem_2","mem",4,0.7,TRUE
"RE1-OB","Isolation Forest","RE1-OB_checkoutservice_mem_2","mem",5,0.57,TRUE
"RE1-OB","Isolation Forest","RE1-OB_checkoutservice_mem_2","mem",6,0.653,TRUE
"RE1-OB","OC-SVM","RE1-OB_checkoutservice_mem_2","mem",1,0.007,FALSE
"RE1-OB","OC-SVM","RE1-OB_checkoutservice_mem_2","mem",2,0.963,TRUE
"RE1-OB","OC-SVM","RE1-OB_checkoutservice_mem_2","mem",3,1,TRUE
"RE1-OB","OC-SVM","RE1-OB_checkoutservice_mem_2","mem",4,1,TRUE
"RE1-OB","OC-SVM","RE1-OB_checkoutservice_mem_2","mem",5,1,TRUE
"RE1-OB","OC-SVM","RE1-OB_checkoutservice_mem_2","mem",6,1,TRUE
"RE1-OB","PCA","RE1-OB_checkoutservice_mem_3","mem",1,0.007,FALSE
"RE1-OB","PCA","RE1-OB_checkoutservice_mem_3","mem",2,1,TRUE
"RE1-OB","PCA","RE1-OB_checkoutservice_mem_3","mem",3,1,TRUE
"RE1-OB","PCA","RE1-OB_checkoutservice_mem_3","mem",4,1,TRUE
"RE1-OB","PCA","RE1-OB_checkoutservice_mem_3","mem",5,1,TRUE
"RE1-OB","PCA","RE1-OB_checkoutservice_mem_3","mem",6,1,TRUE
"RE1-OB","Isolation Forest","RE1-OB_checkoutservice_mem_3","mem",1,0.007,FALSE
"RE1-OB","Isolation Forest","RE1-OB_checkoutservice_mem_3","mem",2,0.48,TRUE
"RE1-OB","Isolation Forest","RE1-OB_checkoutservice_mem_3","mem",3,0.72,TRUE
"RE1-OB","Isolation Forest","RE1-OB_checkoutservice_mem_3","mem",4,0.58,TRUE
"RE1-OB","Isolation Forest","RE1-OB_checkoutservice_mem_3","mem",5,0.723,TRUE
"RE1-OB","Isolation Forest","RE1-OB_checkoutservice_mem_3","mem",6,0.557,TRUE
"RE1-OB","OC-SVM","RE1-OB_checkoutservice_mem_3","mem",1,0.007,FALSE
"RE1-OB","OC-SVM","RE1-OB_checkoutservice_mem_3","mem",2,1,TRUE
"RE1-OB","OC-SVM","RE1-OB_checkoutservice_mem_3","mem",3,1,TRUE
"RE1-OB","OC-SVM","RE1-OB_checkoutservice_mem_3","mem",4,1,TRUE
"RE1-OB","OC-SVM","RE1-OB_checkoutservice_mem_3","mem",5,1,TRUE
"RE1-OB","OC-SVM","RE1-OB_checkoutservice_mem_3","mem",6,1,TRUE
"RE1-OB","PCA","RE1-OB_checkoutservice_mem_4","mem",1,0.007,FALSE
"RE1-OB","PCA","RE1-OB_checkoutservice_mem_4","mem",2,0.987,TRUE
"RE1-OB","PCA","RE1-OB_checkoutservice_mem_4","mem",3,1,TRUE
"RE1-OB","PCA","RE1-OB_checkoutservice_mem_4","mem",4,1,TRUE
"RE1-OB","PCA","RE1-OB_checkoutservice_mem_4","mem",5,1,TRUE
"RE1-OB","PCA","RE1-OB_checkoutservice_mem_4","mem",6,1,TRUE
"RE1-OB","Isolation Forest","RE1-OB_checkoutservice_mem_4","mem",1,0.007,FALSE
"RE1-OB","Isolation Forest","RE1-OB_checkoutservice_mem_4","mem",2,0.19,TRUE
"RE1-OB","Isolation Forest","RE1-OB_checkoutservice_mem_4","mem",3,0.49,TRUE
"RE1-OB","Isolation Forest","RE1-OB_checkoutservice_mem_4","mem",4,0.663,TRUE
"RE1-OB","Isolation Forest","RE1-OB_checkoutservice_mem_4","mem",5,0.53,TRUE
"RE1-OB","Isolation Forest","RE1-OB_checkoutservice_mem_4","mem",6,0.31,TRUE
"RE1-OB","OC-SVM","RE1-OB_checkoutservice_mem_4","mem",1,0,FALSE
"RE1-OB","OC-SVM","RE1-OB_checkoutservice_mem_4","mem",2,0,FALSE
"RE1-OB","OC-SVM","RE1-OB_checkoutservice_mem_4","mem",3,0,FALSE
"RE1-OB","OC-SVM","RE1-OB_checkoutservice_mem_4","mem",4,0,FALSE
"RE1-OB","OC-SVM","RE1-OB_checkoutservice_mem_4","mem",5,0,FALSE
"RE1-OB","OC-SVM","RE1-OB_checkoutservice_mem_4","mem",6,0,FALSE
"RE1-OB","PCA","RE1-OB_checkoutservice_mem_5","mem",1,0.007,FALSE
"RE1-OB","PCA","RE1-OB_checkoutservice_mem_5","mem",2,0.3,TRUE
"RE1-OB","PCA","RE1-OB_checkoutservice_mem_5","mem",3,0,FALSE
"RE1-OB","PCA","RE1-OB_checkoutservice_mem_5","mem",4,0.24,TRUE
"RE1-OB","PCA","RE1-OB_checkoutservice_mem_5","mem",5,0,FALSE
"RE1-OB","PCA","RE1-OB_checkoutservice_mem_5","mem",6,0.647,TRUE
"RE1-OB","Isolation Forest","RE1-OB_checkoutservice_mem_5","mem",1,0.007,FALSE
"RE1-OB","Isolation Forest","RE1-OB_checkoutservice_mem_5","mem",2,0.687,TRUE
"RE1-OB","Isolation Forest","RE1-OB_checkoutservice_mem_5","mem",3,0.843,TRUE
"RE1-OB","Isolation Forest","RE1-OB_checkoutservice_mem_5","mem",4,0.793,TRUE
"RE1-OB","Isolation Forest","RE1-OB_checkoutservice_mem_5","mem",5,0.687,TRUE
"RE1-OB","Isolation Forest","RE1-OB_checkoutservice_mem_5","mem",6,0.987,TRUE
"RE1-OB","OC-SVM","RE1-OB_checkoutservice_mem_5","mem",1,0,FALSE
"RE1-OB","OC-SVM","RE1-OB_checkoutservice_mem_5","mem",2,0,FALSE
"RE1-OB","OC-SVM","RE1-OB_checkoutservice_mem_5","mem",3,0,FALSE
"RE1-OB","OC-SVM","RE1-OB_checkoutservice_mem_5","mem",4,0,FALSE
"RE1-OB","OC-SVM","RE1-OB_checkoutservice_mem_5","mem",5,0,FALSE
"RE1-OB","OC-SVM","RE1-OB_checkoutservice_mem_5","mem",6,0,FALSE
"RE1-OB","PCA","RE1-OB_currencyservice_cpu_1","cpu",1,0.007,FALSE
"RE1-OB","PCA","RE1-OB_currencyservice_cpu_1","cpu",2,0.037,FALSE
"RE1-OB","PCA","RE1-OB_currencyservice_cpu_1","cpu",3,0,FALSE
"RE1-OB","PCA","RE1-OB_currencyservice_cpu_1","cpu",4,0,FALSE
"RE1-OB","PCA","RE1-OB_currencyservice_cpu_1","cpu",5,0.797,TRUE
"RE1-OB","PCA","RE1-OB_currencyservice_cpu_1","cpu",6,1,TRUE
"RE1-OB","Isolation Forest","RE1-OB_currencyservice_cpu_1","cpu",1,0.007,FALSE
"RE1-OB","Isolation Forest","RE1-OB_currencyservice_cpu_1","cpu",2,0.03,FALSE
"RE1-OB","Isolation Forest","RE1-OB_currencyservice_cpu_1","cpu",3,0.04,FALSE
"RE1-OB","Isolation Forest","RE1-OB_currencyservice_cpu_1","cpu",4,0.033,FALSE
"RE1-OB","Isolation Forest","RE1-OB_currencyservice_cpu_1","cpu",5,0.487,TRUE
"RE1-OB","Isolation Forest","RE1-OB_currencyservice_cpu_1","cpu",6,0.707,TRUE
"RE1-OB","OC-SVM","RE1-OB_currencyservice_cpu_1","cpu",1,0,FALSE
"RE1-OB","OC-SVM","RE1-OB_currencyservice_cpu_1","cpu",2,0,FALSE
"RE1-OB","OC-SVM","RE1-OB_currencyservice_cpu_1","cpu",3,0,FALSE
"RE1-OB","OC-SVM","RE1-OB_currencyservice_cpu_1","cpu",4,0,FALSE
"RE1-OB","OC-SVM","RE1-OB_currencyservice_cpu_1","cpu",5,0,FALSE
"RE1-OB","OC-SVM","RE1-OB_currencyservice_cpu_1","cpu",6,0,FALSE
"RE1-OB","PCA","RE1-OB_currencyservice_cpu_2","cpu",1,0.007,FALSE
"RE1-OB","PCA","RE1-OB_currencyservice_cpu_2","cpu",2,0.927,TRUE
"RE1-OB","PCA","RE1-OB_currencyservice_cpu_2","cpu",3,1,TRUE
"RE1-OB","PCA","RE1-OB_currencyservice_cpu_2","cpu",4,1,TRUE
"RE1-OB","PCA","RE1-OB_currencyservice_cpu_2","cpu",5,1,TRUE
"RE1-OB","PCA","RE1-OB_currencyservice_cpu_2","cpu",6,1,TRUE
"RE1-OB","Isolation Forest","RE1-OB_currencyservice_cpu_2","cpu",1,0.007,FALSE
"RE1-OB","Isolation Forest","RE1-OB_currencyservice_cpu_2","cpu",2,0.013,FALSE
"RE1-OB","Isolation Forest","RE1-OB_currencyservice_cpu_2","cpu",3,0.02,FALSE
"RE1-OB","Isolation Forest","RE1-OB_currencyservice_cpu_2","cpu",4,0.033,FALSE
"RE1-OB","Isolation Forest","RE1-OB_currencyservice_cpu_2","cpu",5,0.027,FALSE
"RE1-OB","Isolation Forest","RE1-OB_currencyservice_cpu_2","cpu",6,0.013,FALSE
"RE1-OB","OC-SVM","RE1-OB_currencyservice_cpu_2","cpu",1,0.007,FALSE
"RE1-OB","OC-SVM","RE1-OB_currencyservice_cpu_2","cpu",2,0.897,TRUE
"RE1-OB","OC-SVM","RE1-OB_currencyservice_cpu_2","cpu",3,1,TRUE
"RE1-OB","OC-SVM","RE1-OB_currencyservice_cpu_2","cpu",4,1,TRUE
"RE1-OB","OC-SVM","RE1-OB_currencyservice_cpu_2","cpu",5,1,TRUE
"RE1-OB","OC-SVM","RE1-OB_currencyservice_cpu_2","cpu",6,1,TRUE
"RE1-OB","PCA","RE1-OB_currencyservice_cpu_3","cpu",1,0.007,FALSE
"RE1-OB","PCA","RE1-OB_currencyservice_cpu_3","cpu",2,0.163,TRUE
"RE1-OB","PCA","RE1-OB_currencyservice_cpu_3","cpu",3,0.55,TRUE
"RE1-OB","PCA","RE1-OB_currencyservice_cpu_3","cpu",4,0.493,TRUE
"RE1-OB","PCA","RE1-OB_currencyservice_cpu_3","cpu",5,0.68,TRUE
"RE1-OB","PCA","RE1-OB_currencyservice_cpu_3","cpu",6,0.493,TRUE
"RE1-OB","Isolation Forest","RE1-OB_currencyservice_cpu_3","cpu",1,0.02,FALSE
"RE1-OB","Isolation Forest","RE1-OB_currencyservice_cpu_3","cpu",2,0.153,TRUE
"RE1-OB","Isolation Forest","RE1-OB_currencyservice_cpu_3","cpu",3,0.453,TRUE
"RE1-OB","Isolation Forest","RE1-OB_currencyservice_cpu_3","cpu",4,0.46,TRUE
"RE1-OB","Isolation Forest","RE1-OB_currencyservice_cpu_3","cpu",5,0.46,TRUE
"RE1-OB","Isolation Forest","RE1-OB_currencyservice_cpu_3","cpu",6,0.45,TRUE
"RE1-OB","OC-SVM","RE1-OB_currencyservice_cpu_3","cpu",1,0,FALSE
"RE1-OB","OC-SVM","RE1-OB_currencyservice_cpu_3","cpu",2,0,FALSE
"RE1-OB","OC-SVM","RE1-OB_currencyservice_cpu_3","cpu",3,0,FALSE
"RE1-OB","OC-SVM","RE1-OB_currencyservice_cpu_3","cpu",4,0,FALSE
"RE1-OB","OC-SVM","RE1-OB_currencyservice_cpu_3","cpu",5,0,FALSE
"RE1-OB","OC-SVM","RE1-OB_currencyservice_cpu_3","cpu",6,0,FALSE
"RE1-OB","PCA","RE1-OB_currencyservice_cpu_4","cpu",1,0.007,FALSE
"RE1-OB","PCA","RE1-OB_currencyservice_cpu_4","cpu",2,0.893,TRUE
"RE1-OB","PCA","RE1-OB_currencyservice_cpu_4","cpu",3,1,TRUE
"RE1-OB","PCA","RE1-OB_currencyservice_cpu_4","cpu",4,1,TRUE
"RE1-OB","PCA","RE1-OB_currencyservice_cpu_4","cpu",5,1,TRUE
"RE1-OB","PCA","RE1-OB_currencyservice_cpu_4","cpu",6,1,TRUE
"RE1-OB","Isolation Forest","RE1-OB_currencyservice_cpu_4","cpu",1,0.007,FALSE
"RE1-OB","Isolation Forest","RE1-OB_currencyservice_cpu_4","cpu",2,0.02,FALSE
"RE1-OB","Isolation Forest","RE1-OB_currencyservice_cpu_4","cpu",3,0.013,FALSE
"RE1-OB","Isolation Forest","RE1-OB_currencyservice_cpu_4","cpu",4,0.023,FALSE
"RE1-OB","Isolation Forest","RE1-OB_currencyservice_cpu_4","cpu",5,0.027,FALSE
"RE1-OB","Isolation Forest","RE1-OB_currencyservice_cpu_4","cpu",6,0.01,FALSE
"RE1-OB","OC-SVM","RE1-OB_currencyservice_cpu_4","cpu",1,0,FALSE
"RE1-OB","OC-SVM","RE1-OB_currencyservice_cpu_4","cpu",2,0,FALSE
"RE1-OB","OC-SVM","RE1-OB_currencyservice_cpu_4","cpu",3,0,FALSE
"RE1-OB","OC-SVM","RE1-OB_currencyservice_cpu_4","cpu",4,0,FALSE
"RE1-OB","OC-SVM","RE1-OB_currencyservice_cpu_4","cpu",5,0,FALSE
"RE1-OB","OC-SVM","RE1-OB_currencyservice_cpu_4","cpu",6,0,FALSE
"RE1-OB","PCA","RE1-OB_currencyservice_cpu_5","cpu",1,0.007,FALSE
"RE1-OB","PCA","RE1-OB_currencyservice_cpu_5","cpu",2,0.893,TRUE
"RE1-OB","PCA","RE1-OB_currencyservice_cpu_5","cpu",3,1,TRUE
"RE1-OB","PCA","RE1-OB_currencyservice_cpu_5","cpu",4,1,TRUE
"RE1-OB","PCA","RE1-OB_currencyservice_cpu_5","cpu",5,1,TRUE
"RE1-OB","PCA","RE1-OB_currencyservice_cpu_5","cpu",6,1,TRUE
"RE1-OB","Isolation Forest","RE1-OB_currencyservice_cpu_5","cpu",1,0.007,FALSE
"RE1-OB","Isolation Forest","RE1-OB_currencyservice_cpu_5","cpu",2,0.043,FALSE
"RE1-OB","Isolation Forest","RE1-OB_currencyservice_cpu_5","cpu",3,0.123,TRUE
"RE1-OB","Isolation Forest","RE1-OB_currencyservice_cpu_5","cpu",4,0.183,TRUE
"RE1-OB","Isolation Forest","RE1-OB_currencyservice_cpu_5","cpu",5,0.163,TRUE
"RE1-OB","Isolation Forest","RE1-OB_currencyservice_cpu_5","cpu",6,0.113,TRUE
"RE1-OB","OC-SVM","RE1-OB_currencyservice_cpu_5","cpu",1,0,FALSE
"RE1-OB","OC-SVM","RE1-OB_currencyservice_cpu_5","cpu",2,0.82,TRUE
"RE1-OB","OC-SVM","RE1-OB_currencyservice_cpu_5","cpu",3,0.997,TRUE
"RE1-OB","OC-SVM","RE1-OB_currencyservice_cpu_5","cpu",4,1,TRUE
"RE1-OB","OC-SVM","RE1-OB_currencyservice_cpu_5","cpu",5,1,TRUE
"RE1-OB","OC-SVM","RE1-OB_currencyservice_cpu_5","cpu",6,1,TRUE
"RE1-OB","PCA","RE1-OB_currencyservice_delay_1","delay",1,0.007,FALSE
"RE1-OB","PCA","RE1-OB_currencyservice_delay_1","delay",2,0.95,TRUE
"RE1-OB","PCA","RE1-OB_currencyservice_delay_1","delay",3,1,TRUE
"RE1-OB","Isolation Forest","RE1-OB_currencyservice_delay_1","delay",1,0.007,FALSE
"RE1-OB","Isolation Forest","RE1-OB_currencyservice_delay_1","delay",2,0.56,TRUE
"RE1-OB","Isolation Forest","RE1-OB_currencyservice_delay_1","delay",3,0.918,TRUE
"RE1-OB","OC-SVM","RE1-OB_currencyservice_delay_1","delay",1,0,FALSE
"RE1-OB","OC-SVM","RE1-OB_currencyservice_delay_1","delay",2,0,FALSE
"RE1-OB","OC-SVM","RE1-OB_currencyservice_delay_1","delay",3,0,FALSE
"RE1-OB","PCA","RE1-OB_currencyservice_delay_2","delay",1,0.007,FALSE
"RE1-OB","PCA","RE1-OB_currencyservice_delay_2","delay",2,0.983,TRUE
"RE1-OB","PCA","RE1-OB_currencyservice_delay_2","delay",3,1,TRUE
"RE1-OB","Isolation Forest","RE1-OB_currencyservice_delay_2","delay",1,0.017,FALSE
"RE1-OB","Isolation Forest","RE1-OB_currencyservice_delay_2","delay",2,0.267,TRUE
"RE1-OB","Isolation Forest","RE1-OB_currencyservice_delay_2","delay",3,0.705,TRUE
"RE1-OB","OC-SVM","RE1-OB_currencyservice_delay_2","delay",1,0,FALSE
"RE1-OB","OC-SVM","RE1-OB_currencyservice_delay_2","delay",2,0,FALSE
"RE1-OB","OC-SVM","RE1-OB_currencyservice_delay_2","delay",3,0,FALSE
"RE1-OB","PCA","RE1-OB_currencyservice_delay_3","delay",1,0.007,FALSE
"RE1-OB","PCA","RE1-OB_currencyservice_delay_3","delay",2,0.97,TRUE
"RE1-OB","PCA","RE1-OB_currencyservice_delay_3","delay",3,1,TRUE
"RE1-OB","Isolation Forest","RE1-OB_currencyservice_delay_3","delay",1,0.007,FALSE
"RE1-OB","Isolation Forest","RE1-OB_currencyservice_delay_3","delay",2,0.56,TRUE
"RE1-OB","Isolation Forest","RE1-OB_currencyservice_delay_3","delay",3,0.131,TRUE
"RE1-OB","OC-SVM","RE1-OB_currencyservice_delay_3","delay",1,0,FALSE
"RE1-OB","OC-SVM","RE1-OB_currencyservice_delay_3","delay",2,0,FALSE
"RE1-OB","OC-SVM","RE1-OB_currencyservice_delay_3","delay",3,0,FALSE
"RE1-OB","PCA","RE1-OB_currencyservice_delay_4","delay",1,0.007,FALSE
"RE1-OB","PCA","RE1-OB_currencyservice_delay_4","delay",2,0.973,TRUE
"RE1-OB","PCA","RE1-OB_currencyservice_delay_4","delay",3,1,TRUE
"RE1-OB","Isolation Forest","RE1-OB_currencyservice_delay_4","delay",1,0.01,FALSE
"RE1-OB","Isolation Forest","RE1-OB_currencyservice_delay_4","delay",2,0.89,TRUE
"RE1-OB","Isolation Forest","RE1-OB_currencyservice_delay_4","delay",3,0.951,TRUE
"RE1-OB","OC-SVM","RE1-OB_currencyservice_delay_4","delay",1,0,FALSE
"RE1-OB","OC-SVM","RE1-OB_currencyservice_delay_4","delay",2,0,FALSE
"RE1-OB","OC-SVM","RE1-OB_currencyservice_delay_4","delay",3,0,FALSE
"RE1-OB","PCA","RE1-OB_currencyservice_delay_5","delay",1,0.007,FALSE
"RE1-OB","PCA","RE1-OB_currencyservice_delay_5","delay",2,0.963,TRUE
"RE1-OB","PCA","RE1-OB_currencyservice_delay_5","delay",3,1,TRUE
"RE1-OB","Isolation Forest","RE1-OB_currencyservice_delay_5","delay",1,0.013,FALSE
"RE1-OB","Isolation Forest","RE1-OB_currencyservice_delay_5","delay",2,0.903,TRUE
"RE1-OB","Isolation Forest","RE1-OB_currencyservice_delay_5","delay",3,1,TRUE
"RE1-OB","OC-SVM","RE1-OB_currencyservice_delay_5","delay",1,0.007,FALSE
"RE1-OB","OC-SVM","RE1-OB_currencyservice_delay_5","delay",2,0.963,TRUE
"RE1-OB","OC-SVM","RE1-OB_currencyservice_delay_5","delay",3,1,TRUE
"RE1-OB","PCA","RE1-OB_currencyservice_disk_1","disk",1,0.007,FALSE
"RE1-OB","PCA","RE1-OB_currencyservice_disk_1","disk",2,0.967,TRUE
"RE1-OB","PCA","RE1-OB_currencyservice_disk_1","disk",3,1,TRUE
"RE1-OB","Isolation Forest","RE1-OB_currencyservice_disk_1","disk",1,0.007,FALSE
"RE1-OB","Isolation Forest","RE1-OB_currencyservice_disk_1","disk",2,0.923,TRUE
"RE1-OB","Isolation Forest","RE1-OB_currencyservice_disk_1","disk",3,1,TRUE
"RE1-OB","OC-SVM","RE1-OB_currencyservice_disk_1","disk",1,0.007,FALSE
"RE1-OB","OC-SVM","RE1-OB_currencyservice_disk_1","disk",2,0.96,TRUE
"RE1-OB","OC-SVM","RE1-OB_currencyservice_disk_1","disk",3,1,TRUE
"RE1-OB","PCA","RE1-OB_currencyservice_disk_2","disk",1,0.007,FALSE
"RE1-OB","PCA","RE1-OB_currencyservice_disk_2","disk",2,0.893,TRUE
"RE1-OB","PCA","RE1-OB_currencyservice_disk_2","disk",3,1,TRUE
"RE1-OB","Isolation Forest","RE1-OB_currencyservice_disk_2","disk",1,0.007,FALSE
"RE1-OB","Isolation Forest","RE1-OB_currencyservice_disk_2","disk",2,0.43,TRUE
"RE1-OB","Isolation Forest","RE1-OB_currencyservice_disk_2","disk",3,0.869,TRUE
"RE1-OB","OC-SVM","RE1-OB_currencyservice_disk_2","disk",1,0,FALSE
"RE1-OB","OC-SVM","RE1-OB_currencyservice_disk_2","disk",2,0,FALSE
"RE1-OB","OC-SVM","RE1-OB_currencyservice_disk_2","disk",3,0,FALSE
"RE1-OB","PCA","RE1-OB_currencyservice_disk_3","disk",1,0.007,FALSE
"RE1-OB","PCA","RE1-OB_currencyservice_disk_3","disk",2,0.85,TRUE
"RE1-OB","PCA","RE1-OB_currencyservice_disk_3","disk",3,1,TRUE
"RE1-OB","Isolation Forest","RE1-OB_currencyservice_disk_3","disk",1,0.017,FALSE
"RE1-OB","Isolation Forest","RE1-OB_currencyservice_disk_3","disk",2,0.923,TRUE
"RE1-OB","Isolation Forest","RE1-OB_currencyservice_disk_3","disk",3,1,TRUE
"RE1-OB","OC-SVM","RE1-OB_currencyservice_disk_3","disk",1,0,FALSE
"RE1-OB","OC-SVM","RE1-OB_currencyservice_disk_3","disk",2,0,FALSE
"RE1-OB","OC-SVM","RE1-OB_currencyservice_disk_3","disk",3,0,FALSE
"RE1-OB","PCA","RE1-OB_currencyservice_disk_4","disk",1,0.007,FALSE
"RE1-OB","PCA","RE1-OB_currencyservice_disk_4","disk",2,0.87,TRUE
"RE1-OB","PCA","RE1-OB_currencyservice_disk_4","disk",3,1,TRUE
"RE1-OB","Isolation Forest","RE1-OB_currencyservice_disk_4","disk",1,0.007,FALSE
"RE1-OB","Isolation Forest","RE1-OB_currencyservice_disk_4","disk",2,0.237,TRUE
"RE1-OB","Isolation Forest","RE1-OB_currencyservice_disk_4","disk",3,0.787,TRUE
"RE1-OB","OC-SVM","RE1-OB_currencyservice_disk_4","disk",1,0,FALSE
"RE1-OB","OC-SVM","RE1-OB_currencyservice_disk_4","disk",2,0,FALSE
"RE1-OB","OC-SVM","RE1-OB_currencyservice_disk_4","disk",3,0,FALSE
"RE1-OB","PCA","RE1-OB_currencyservice_disk_5","disk",1,0.007,FALSE
"RE1-OB","PCA","RE1-OB_currencyservice_disk_5","disk",2,0.957,TRUE
"RE1-OB","PCA","RE1-OB_currencyservice_disk_5","disk",3,1,TRUE
"RE1-OB","Isolation Forest","RE1-OB_currencyservice_disk_5","disk",1,0.01,FALSE
"RE1-OB","Isolation Forest","RE1-OB_currencyservice_disk_5","disk",2,0.273,TRUE
"RE1-OB","Isolation Forest","RE1-OB_currencyservice_disk_5","disk",3,0.279,TRUE
"RE1-OB","OC-SVM","RE1-OB_currencyservice_disk_5","disk",1,0.007,FALSE
"RE1-OB","OC-SVM","RE1-OB_currencyservice_disk_5","disk",2,0.95,TRUE
"RE1-OB","OC-SVM","RE1-OB_currencyservice_disk_5","disk",3,1,TRUE
"RE1-OB","PCA","RE1-OB_currencyservice_mem_1","mem",1,0.007,FALSE
"RE1-OB","PCA","RE1-OB_currencyservice_mem_1","mem",2,0.977,TRUE
"RE1-OB","PCA","RE1-OB_currencyservice_mem_1","mem",3,1,TRUE
"RE1-OB","PCA","RE1-OB_currencyservice_mem_1","mem",4,1,TRUE
"RE1-OB","PCA","RE1-OB_currencyservice_mem_1","mem",5,1,TRUE
"RE1-OB","PCA","RE1-OB_currencyservice_mem_1","mem",6,1,TRUE
"RE1-OB","Isolation Forest","RE1-OB_currencyservice_mem_1","mem",1,0.01,FALSE
"RE1-OB","Isolation Forest","RE1-OB_currencyservice_mem_1","mem",2,0.94,TRUE
"RE1-OB","Isolation Forest","RE1-OB_currencyservice_mem_1","mem",3,1,TRUE
"RE1-OB","Isolation Forest","RE1-OB_currencyservice_mem_1","mem",4,1,TRUE
"RE1-OB","Isolation Forest","RE1-OB_currencyservice_mem_1","mem",5,1,TRUE
"RE1-OB","Isolation Forest","RE1-OB_currencyservice_mem_1","mem",6,1,TRUE
"RE1-OB","OC-SVM","RE1-OB_currencyservice_mem_1","mem",1,0.007,FALSE
"RE1-OB","OC-SVM","RE1-OB_currencyservice_mem_1","mem",2,0.977,TRUE
"RE1-OB","OC-SVM","RE1-OB_currencyservice_mem_1","mem",3,1,TRUE
"RE1-OB","OC-SVM","RE1-OB_currencyservice_mem_1","mem",4,1,TRUE
"RE1-OB","OC-SVM","RE1-OB_currencyservice_mem_1","mem",5,1,TRUE
"RE1-OB","OC-SVM","RE1-OB_currencyservice_mem_1","mem",6,1,TRUE
"RE1-OB","PCA","RE1-OB_currencyservice_mem_2","mem",1,0.007,FALSE
"RE1-OB","PCA","RE1-OB_currencyservice_mem_2","mem",2,0.417,TRUE
"RE1-OB","PCA","RE1-OB_currencyservice_mem_2","mem",3,0.497,TRUE
"RE1-OB","PCA","RE1-OB_currencyservice_mem_2","mem",4,0.46,TRUE
"RE1-OB","PCA","RE1-OB_currencyservice_mem_2","mem",5,0.457,TRUE
"RE1-OB","PCA","RE1-OB_currencyservice_mem_2","mem",6,0.343,TRUE
"RE1-OB","Isolation Forest","RE1-OB_currencyservice_mem_2","mem",1,0.007,FALSE
"RE1-OB","Isolation Forest","RE1-OB_currencyservice_mem_2","mem",2,0.98,TRUE
"RE1-OB","Isolation Forest","RE1-OB_currencyservice_mem_2","mem",3,1,TRUE
"RE1-OB","Isolation Forest","RE1-OB_currencyservice_mem_2","mem",4,1,TRUE
"RE1-OB","Isolation Forest","RE1-OB_currencyservice_mem_2","mem",5,1,TRUE
"RE1-OB","Isolation Forest","RE1-OB_currencyservice_mem_2","mem",6,1,TRUE
"RE1-OB","OC-SVM","RE1-OB_currencyservice_mem_2","mem",1,0,FALSE
"RE1-OB","OC-SVM","RE1-OB_currencyservice_mem_2","mem",2,0,FALSE
"RE1-OB","OC-SVM","RE1-OB_currencyservice_mem_2","mem",3,0,FALSE
"RE1-OB","OC-SVM","RE1-OB_currencyservice_mem_2","mem",4,0,FALSE
"RE1-OB","OC-SVM","RE1-OB_currencyservice_mem_2","mem",5,0,FALSE
"RE1-OB","OC-SVM","RE1-OB_currencyservice_mem_2","mem",6,0,FALSE
"RE1-OB","PCA","RE1-OB_currencyservice_mem_3","mem",1,0.007,FALSE
"RE1-OB","PCA","RE1-OB_currencyservice_mem_3","mem",2,0.903,TRUE
"RE1-OB","PCA","RE1-OB_currencyservice_mem_3","mem",3,1,TRUE
"RE1-OB","PCA","RE1-OB_currencyservice_mem_3","mem",4,1,TRUE
"RE1-OB","PCA","RE1-OB_currencyservice_mem_3","mem",5,1,TRUE
"RE1-OB","PCA","RE1-OB_currencyservice_mem_3","mem",6,1,TRUE
"RE1-OB","Isolation Forest","RE1-OB_currencyservice_mem_3","mem",1,0.017,FALSE
"RE1-OB","Isolation Forest","RE1-OB_currencyservice_mem_3","mem",2,0.98,TRUE
"RE1-OB","Isolation Forest","RE1-OB_currencyservice_mem_3","mem",3,1,TRUE
"RE1-OB","Isolation Forest","RE1-OB_currencyservice_mem_3","mem",4,1,TRUE
"RE1-OB","Isolation Forest","RE1-OB_currencyservice_mem_3","mem",5,1,TRUE
"RE1-OB","Isolation Forest","RE1-OB_currencyservice_mem_3","mem",6,1,TRUE
"RE1-OB","OC-SVM","RE1-OB_currencyservice_mem_3","mem",1,0,FALSE
"RE1-OB","OC-SVM","RE1-OB_currencyservice_mem_3","mem",2,0,FALSE
"RE1-OB","OC-SVM","RE1-OB_currencyservice_mem_3","mem",3,0,FALSE
"RE1-OB","OC-SVM","RE1-OB_currencyservice_mem_3","mem",4,0,FALSE
"RE1-OB","OC-SVM","RE1-OB_currencyservice_mem_3","mem",5,0,FALSE
"RE1-OB","OC-SVM","RE1-OB_currencyservice_mem_3","mem",6,0,FALSE
"RE1-OB","PCA","RE1-OB_currencyservice_mem_4","mem",1,0.007,FALSE
"RE1-OB","PCA","RE1-OB_currencyservice_mem_4","mem",2,0.967,TRUE
"RE1-OB","PCA","RE1-OB_currencyservice_mem_4","mem",3,1,TRUE
"RE1-OB","PCA","RE1-OB_currencyservice_mem_4","mem",4,1,TRUE
"RE1-OB","PCA","RE1-OB_currencyservice_mem_4","mem",5,1,TRUE
"RE1-OB","PCA","RE1-OB_currencyservice_mem_4","mem",6,1,TRUE
"RE1-OB","Isolation Forest","RE1-OB_currencyservice_mem_4","mem",1,0.007,FALSE
"RE1-OB","Isolation Forest","RE1-OB_currencyservice_mem_4","mem",2,0.39,TRUE
"RE1-OB","Isolation Forest","RE1-OB_currencyservice_mem_4","mem",3,0.537,TRUE
"RE1-OB","Isolation Forest","RE1-OB_currencyservice_mem_4","mem",4,0.5,TRUE
"RE1-OB","Isolation Forest","RE1-OB_currencyservice_mem_4","mem",5,0.563,TRUE
"RE1-OB","Isolation Forest","RE1-OB_currencyservice_mem_4","mem",6,0.587,TRUE
"RE1-OB","OC-SVM","RE1-OB_currencyservice_mem_4","mem",1,0,FALSE
"RE1-OB","OC-SVM","RE1-OB_currencyservice_mem_4","mem",2,0,FALSE
"RE1-OB","OC-SVM","RE1-OB_currencyservice_mem_4","mem",3,0,FALSE
"RE1-OB","OC-SVM","RE1-OB_currencyservice_mem_4","mem",4,0,FALSE
"RE1-OB","OC-SVM","RE1-OB_currencyservice_mem_4","mem",5,0,FALSE
"RE1-OB","OC-SVM","RE1-OB_currencyservice_mem_4","mem",6,0,FALSE
"RE1-OB","PCA","RE1-OB_currencyservice_mem_5","mem",1,0.007,FALSE
"RE1-OB","PCA","RE1-OB_currencyservice_mem_5","mem",2,1,TRUE
"RE1-OB","PCA","RE1-OB_currencyservice_mem_5","mem",3,1,TRUE
"RE1-OB","PCA","RE1-OB_currencyservice_mem_5","mem",4,1,TRUE
"RE1-OB","PCA","RE1-OB_currencyservice_mem_5","mem",5,1,TRUE
"RE1-OB","PCA","RE1-OB_currencyservice_mem_5","mem",6,1,TRUE
"RE1-OB","Isolation Forest","RE1-OB_currencyservice_mem_5","mem",1,0.007,FALSE
"RE1-OB","Isolation Forest","RE1-OB_currencyservice_mem_5","mem",2,0.553,TRUE
"RE1-OB","Isolation Forest","RE1-OB_currencyservice_mem_5","mem",3,0.557,TRUE
"RE1-OB","Isolation Forest","RE1-OB_currencyservice_mem_5","mem",4,0.62,TRUE
"RE1-OB","Isolation Forest","RE1-OB_currencyservice_mem_5","mem",5,0.593,TRUE
"RE1-OB","Isolation Forest","RE1-OB_currencyservice_mem_5","mem",6,0.693,TRUE
"RE1-OB","OC-SVM","RE1-OB_currencyservice_mem_5","mem",1,0.007,FALSE
"RE1-OB","OC-SVM","RE1-OB_currencyservice_mem_5","mem",2,0.99,TRUE
"RE1-OB","OC-SVM","RE1-OB_currencyservice_mem_5","mem",3,1,TRUE
"RE1-OB","OC-SVM","RE1-OB_currencyservice_mem_5","mem",4,1,TRUE
"RE1-OB","OC-SVM","RE1-OB_currencyservice_mem_5","mem",5,1,TRUE
"RE1-OB","OC-SVM","RE1-OB_currencyservice_mem_5","mem",6,1,TRUE
"RE1-OB","PCA","RE1-OB_productcatalogservice_cpu_1","cpu",1,0.007,FALSE
"RE1-OB","PCA","RE1-OB_productcatalogservice_cpu_1","cpu",2,0.973,TRUE
"RE1-OB","PCA","RE1-OB_productcatalogservice_cpu_1","cpu",3,1,TRUE
"RE1-OB","PCA","RE1-OB_productcatalogservice_cpu_1","cpu",4,1,TRUE
"RE1-OB","PCA","RE1-OB_productcatalogservice_cpu_1","cpu",5,1,TRUE
"RE1-OB","PCA","RE1-OB_productcatalogservice_cpu_1","cpu",6,1,TRUE
"RE1-OB","Isolation Forest","RE1-OB_productcatalogservice_cpu_1","cpu",1,0.007,FALSE
"RE1-OB","Isolation Forest","RE1-OB_productcatalogservice_cpu_1","cpu",2,0.003,FALSE
"RE1-OB","Isolation Forest","RE1-OB_productcatalogservice_cpu_1","cpu",3,0.16,TRUE
"RE1-OB","Isolation Forest","RE1-OB_productcatalogservice_cpu_1","cpu",4,0.093,FALSE
"RE1-OB","Isolation Forest","RE1-OB_productcatalogservice_cpu_1","cpu",5,0.01,FALSE
"RE1-OB","Isolation Forest","RE1-OB_productcatalogservice_cpu_1","cpu",6,0.167,TRUE
"RE1-OB","OC-SVM","RE1-OB_productcatalogservice_cpu_1","cpu",1,0.007,FALSE
"RE1-OB","OC-SVM","RE1-OB_productcatalogservice_cpu_1","cpu",2,0.973,TRUE
"RE1-OB","OC-SVM","RE1-OB_productcatalogservice_cpu_1","cpu",3,1,TRUE
"RE1-OB","OC-SVM","RE1-OB_productcatalogservice_cpu_1","cpu",4,1,TRUE
"RE1-OB","OC-SVM","RE1-OB_productcatalogservice_cpu_1","cpu",5,1,TRUE
"RE1-OB","OC-SVM","RE1-OB_productcatalogservice_cpu_1","cpu",6,1,TRUE
"RE1-OB","PCA","RE1-OB_productcatalogservice_cpu_2","cpu",1,0.007,FALSE
"RE1-OB","PCA","RE1-OB_productcatalogservice_cpu_2","cpu",2,0,FALSE
"RE1-OB","PCA","RE1-OB_productcatalogservice_cpu_2","cpu",3,0.03,FALSE
"RE1-OB","PCA","RE1-OB_productcatalogservice_cpu_2","cpu",4,0,FALSE
"RE1-OB","PCA","RE1-OB_productcatalogservice_cpu_2","cpu",5,0.07,FALSE
"RE1-OB","PCA","RE1-OB_productcatalogservice_cpu_2","cpu",6,0.093,FALSE
"RE1-OB","Isolation Forest","RE1-OB_productcatalogservice_cpu_2","cpu",1,0.01,FALSE
"RE1-OB","Isolation Forest","RE1-OB_productcatalogservice_cpu_2","cpu",2,0.01,FALSE
"RE1-OB","Isolation Forest","RE1-OB_productcatalogservice_cpu_2","cpu",3,0,FALSE
"RE1-OB","Isolation Forest","RE1-OB_productcatalogservice_cpu_2","cpu",4,0.09,FALSE
"RE1-OB","Isolation Forest","RE1-OB_productcatalogservice_cpu_2","cpu",5,0.043,FALSE
"RE1-OB","Isolation Forest","RE1-OB_productcatalogservice_cpu_2","cpu",6,0.057,FALSE
"RE1-OB","OC-SVM","RE1-OB_productcatalogservice_cpu_2","cpu",1,0,FALSE
"RE1-OB","OC-SVM","RE1-OB_productcatalogservice_cpu_2","cpu",2,0,FALSE
"RE1-OB","OC-SVM","RE1-OB_productcatalogservice_cpu_2","cpu",3,0,FALSE
"RE1-OB","OC-SVM","RE1-OB_productcatalogservice_cpu_2","cpu",4,0,FALSE
"RE1-OB","OC-SVM","RE1-OB_productcatalogservice_cpu_2","cpu",5,0,FALSE
"RE1-OB","OC-SVM","RE1-OB_productcatalogservice_cpu_2","cpu",6,0,FALSE
"RE1-OB","PCA","RE1-OB_productcatalogservice_cpu_3","cpu",1,0.003,FALSE
"RE1-OB","PCA","RE1-OB_productcatalogservice_cpu_3","cpu",2,0.89,TRUE
"RE1-OB","PCA","RE1-OB_productcatalogservice_cpu_3","cpu",3,0.947,TRUE
"RE1-OB","PCA","RE1-OB_productcatalogservice_cpu_3","cpu",4,0.94,TRUE
"RE1-OB","PCA","RE1-OB_productcatalogservice_cpu_3","cpu",5,0.96,TRUE
"RE1-OB","PCA","RE1-OB_productcatalogservice_cpu_3","cpu",6,1,TRUE
"RE1-OB","Isolation Forest","RE1-OB_productcatalogservice_cpu_3","cpu",1,0.007,FALSE
"RE1-OB","Isolation Forest","RE1-OB_productcatalogservice_cpu_3","cpu",2,0.007,FALSE
"RE1-OB","Isolation Forest","RE1-OB_productcatalogservice_cpu_3","cpu",3,0.133,TRUE
"RE1-OB","Isolation Forest","RE1-OB_productcatalogservice_cpu_3","cpu",4,0.16,TRUE
"RE1-OB","Isolation Forest","RE1-OB_productcatalogservice_cpu_3","cpu",5,0.04,FALSE
"RE1-OB","Isolation Forest","RE1-OB_productcatalogservice_cpu_3","cpu",6,0.823,TRUE
"RE1-OB","OC-SVM","RE1-OB_productcatalogservice_cpu_3","cpu",1,0,FALSE
"RE1-OB","OC-SVM","RE1-OB_productcatalogservice_cpu_3","cpu",2,0,FALSE
"RE1-OB","OC-SVM","RE1-OB_productcatalogservice_cpu_3","cpu",3,0,FALSE
"RE1-OB","OC-SVM","RE1-OB_productcatalogservice_cpu_3","cpu",4,0,FALSE
"RE1-OB","OC-SVM","RE1-OB_productcatalogservice_cpu_3","cpu",5,0,FALSE
"RE1-OB","OC-SVM","RE1-OB_productcatalogservice_cpu_3","cpu",6,0,FALSE
"RE1-OB","PCA","RE1-OB_productcatalogservice_cpu_4","cpu",1,0.007,FALSE
"RE1-OB","PCA","RE1-OB_productcatalogservice_cpu_4","cpu",2,0,FALSE
"RE1-OB","PCA","RE1-OB_productcatalogservice_cpu_4","cpu",3,0.393,TRUE
"RE1-OB","PCA","RE1-OB_productcatalogservice_cpu_4","cpu",4,0.45,TRUE
"RE1-OB","PCA","RE1-OB_productcatalogservice_cpu_4","cpu",5,0.033,FALSE
"RE1-OB","PCA","RE1-OB_productcatalogservice_cpu_4","cpu",6,0.02,FALSE
"RE1-OB","Isolation Forest","RE1-OB_productcatalogservice_cpu_4","cpu",1,0.007,FALSE
"RE1-OB","Isolation Forest","RE1-OB_productcatalogservice_cpu_4","cpu",2,0.013,FALSE
"RE1-OB","Isolation Forest","RE1-OB_productcatalogservice_cpu_4","cpu",3,0.003,FALSE
"RE1-OB","Isolation Forest","RE1-OB_productcatalogservice_cpu_4","cpu",4,0,FALSE
"RE1-OB","Isolation Forest","RE1-OB_productcatalogservice_cpu_4","cpu",5,0,FALSE
"RE1-OB","Isolation Forest","RE1-OB_productcatalogservice_cpu_4","cpu",6,0.007,FALSE
"RE1-OB","OC-SVM","RE1-OB_productcatalogservice_cpu_4","cpu",1,0,FALSE
"RE1-OB","OC-SVM","RE1-OB_productcatalogservice_cpu_4","cpu",2,0,FALSE
"RE1-OB","OC-SVM","RE1-OB_productcatalogservice_cpu_4","cpu",3,0,FALSE
"RE1-OB","OC-SVM","RE1-OB_productcatalogservice_cpu_4","cpu",4,0,FALSE
"RE1-OB","OC-SVM","RE1-OB_productcatalogservice_cpu_4","cpu",5,0,FALSE
"RE1-OB","OC-SVM","RE1-OB_productcatalogservice_cpu_4","cpu",6,0,FALSE
"RE1-OB","PCA","RE1-OB_productcatalogservice_cpu_5","cpu",1,0.007,FALSE
"RE1-OB","PCA","RE1-OB_productcatalogservice_cpu_5","cpu",2,0.973,TRUE
"RE1-OB","PCA","RE1-OB_productcatalogservice_cpu_5","cpu",3,1,TRUE
"RE1-OB","PCA","RE1-OB_productcatalogservice_cpu_5","cpu",4,1,TRUE
"RE1-OB","PCA","RE1-OB_productcatalogservice_cpu_5","cpu",5,1,TRUE
"RE1-OB","PCA","RE1-OB_productcatalogservice_cpu_5","cpu",6,1,TRUE
"RE1-OB","Isolation Forest","RE1-OB_productcatalogservice_cpu_5","cpu",1,0.017,FALSE
"RE1-OB","Isolation Forest","RE1-OB_productcatalogservice_cpu_5","cpu",2,0.227,TRUE
"RE1-OB","Isolation Forest","RE1-OB_productcatalogservice_cpu_5","cpu",3,0.39,TRUE
"RE1-OB","Isolation Forest","RE1-OB_productcatalogservice_cpu_5","cpu",4,0.547,TRUE
"RE1-OB","Isolation Forest","RE1-OB_productcatalogservice_cpu_5","cpu",5,0.303,TRUE
"RE1-OB","Isolation Forest","RE1-OB_productcatalogservice_cpu_5","cpu",6,0.667,TRUE
"RE1-OB","OC-SVM","RE1-OB_productcatalogservice_cpu_5","cpu",1,0.007,FALSE
"RE1-OB","OC-SVM","RE1-OB_productcatalogservice_cpu_5","cpu",2,0.973,TRUE
"RE1-OB","OC-SVM","RE1-OB_productcatalogservice_cpu_5","cpu",3,1,TRUE
"RE1-OB","OC-SVM","RE1-OB_productcatalogservice_cpu_5","cpu",4,1,TRUE
"RE1-OB","OC-SVM","RE1-OB_productcatalogservice_cpu_5","cpu",5,1,TRUE
"RE1-OB","OC-SVM","RE1-OB_productcatalogservice_cpu_5","cpu",6,1,TRUE
"RE1-OB","PCA","RE1-OB_productcatalogservice_delay_1","delay",1,0.007,FALSE
"RE1-OB","PCA","RE1-OB_productcatalogservice_delay_1","delay",2,0.203,TRUE
"RE1-OB","PCA","RE1-OB_productcatalogservice_delay_1","delay",3,1,TRUE
"RE1-OB","Isolation Forest","RE1-OB_productcatalogservice_delay_1","delay",1,0.02,FALSE
"RE1-OB","Isolation Forest","RE1-OB_productcatalogservice_delay_1","delay",2,0.95,TRUE
"RE1-OB","Isolation Forest","RE1-OB_productcatalogservice_delay_1","delay",3,1,TRUE
"RE1-OB","OC-SVM","RE1-OB_productcatalogservice_delay_1","delay",1,0,FALSE
"RE1-OB","OC-SVM","RE1-OB_productcatalogservice_delay_1","delay",2,0,FALSE
"RE1-OB","OC-SVM","RE1-OB_productcatalogservice_delay_1","delay",3,0,FALSE
"RE1-OB","PCA","RE1-OB_productcatalogservice_delay_2","delay",1,0.007,FALSE
"RE1-OB","PCA","RE1-OB_productcatalogservice_delay_2","delay",2,0,FALSE
"RE1-OB","PCA","RE1-OB_productcatalogservice_delay_2","delay",3,0,FALSE
"RE1-OB","Isolation Forest","RE1-OB_productcatalogservice_delay_2","delay",1,0.01,FALSE
"RE1-OB","Isolation Forest","RE1-OB_productcatalogservice_delay_2","delay",2,0.88,TRUE
"RE1-OB","Isolation Forest","RE1-OB_productcatalogservice_delay_2","delay",3,1,TRUE
"RE1-OB","OC-SVM","RE1-OB_productcatalogservice_delay_2","delay",1,0,FALSE
"RE1-OB","OC-SVM","RE1-OB_productcatalogservice_delay_2","delay",2,0,FALSE
"RE1-OB","OC-SVM","RE1-OB_productcatalogservice_delay_2","delay",3,0,FALSE
"RE1-OB","PCA","RE1-OB_productcatalogservice_delay_3","delay",1,0.007,FALSE
"RE1-OB","PCA","RE1-OB_productcatalogservice_delay_3","delay",2,0.977,TRUE
"RE1-OB","PCA","RE1-OB_productcatalogservice_delay_3","delay",3,1,TRUE
"RE1-OB","Isolation Forest","RE1-OB_productcatalogservice_delay_3","delay",1,0.013,FALSE
"RE1-OB","Isolation Forest","RE1-OB_productcatalogservice_delay_3","delay",2,0.943,TRUE
"RE1-OB","Isolation Forest","RE1-OB_productcatalogservice_delay_3","delay",3,1,TRUE
"RE1-OB","OC-SVM","RE1-OB_productcatalogservice_delay_3","delay",1,0.007,FALSE
"RE1-OB","OC-SVM","RE1-OB_productcatalogservice_delay_3","delay",2,0.96,TRUE
"RE1-OB","OC-SVM","RE1-OB_productcatalogservice_delay_3","delay",3,1,TRUE
"RE1-OB","PCA","RE1-OB_productcatalogservice_delay_4","delay",1,0.007,FALSE
"RE1-OB","PCA","RE1-OB_productcatalogservice_delay_4","delay",2,0.97,TRUE
"RE1-OB","PCA","RE1-OB_productcatalogservice_delay_4","delay",3,1,TRUE
"RE1-OB","Isolation Forest","RE1-OB_productcatalogservice_delay_4","delay",1,0.01,FALSE
"RE1-OB","Isolation Forest","RE1-OB_productcatalogservice_delay_4","delay",2,0.913,TRUE
"RE1-OB","Isolation Forest","RE1-OB_productcatalogservice_delay_4","delay",3,1,TRUE
"RE1-OB","OC-SVM","RE1-OB_productcatalogservice_delay_4","delay",1,0,FALSE
"RE1-OB","OC-SVM","RE1-OB_productcatalogservice_delay_4","delay",2,0,FALSE
"RE1-OB","OC-SVM","RE1-OB_productcatalogservice_delay_4","delay",3,0,FALSE
"RE1-OB","PCA","RE1-OB_productcatalogservice_delay_5","delay",1,0.007,FALSE
"RE1-OB","PCA","RE1-OB_productcatalogservice_delay_5","delay",2,0.967,TRUE
"RE1-OB","PCA","RE1-OB_productcatalogservice_delay_5","delay",3,1,TRUE
"RE1-OB","Isolation Forest","RE1-OB_productcatalogservice_delay_5","delay",1,0.01,FALSE
"RE1-OB","Isolation Forest","RE1-OB_productcatalogservice_delay_5","delay",2,0.883,TRUE
"RE1-OB","Isolation Forest","RE1-OB_productcatalogservice_delay_5","delay",3,1,TRUE
"RE1-OB","OC-SVM","RE1-OB_productcatalogservice_delay_5","delay",1,0.007,FALSE
"RE1-OB","OC-SVM","RE1-OB_productcatalogservice_delay_5","delay",2,0.967,TRUE
"RE1-OB","OC-SVM","RE1-OB_productcatalogservice_delay_5","delay",3,1,TRUE
"RE1-OB","PCA","RE1-OB_productcatalogservice_disk_1","disk",1,0.007,FALSE
"RE1-OB","PCA","RE1-OB_productcatalogservice_disk_1","disk",2,0.94,TRUE
"RE1-OB","PCA","RE1-OB_productcatalogservice_disk_1","disk",3,1,TRUE
"RE1-OB","Isolation Forest","RE1-OB_productcatalogservice_disk_1","disk",1,0.007,FALSE
"RE1-OB","Isolation Forest","RE1-OB_productcatalogservice_disk_1","disk",2,0.573,TRUE
"RE1-OB","Isolation Forest","RE1-OB_productcatalogservice_disk_1","disk",3,0.607,TRUE
"RE1-OB","OC-SVM","RE1-OB_productcatalogservice_disk_1","disk",1,0,FALSE
"RE1-OB","OC-SVM","RE1-OB_productcatalogservice_disk_1","disk",2,0,FALSE
"RE1-OB","OC-SVM","RE1-OB_productcatalogservice_disk_1","disk",3,0,FALSE
"RE1-OB","PCA","RE1-OB_productcatalogservice_disk_2","disk",1,0.007,FALSE
"RE1-OB","PCA","RE1-OB_productcatalogservice_disk_2","disk",2,0.953,TRUE
"RE1-OB","PCA","RE1-OB_productcatalogservice_disk_2","disk",3,1,TRUE
"RE1-OB","Isolation Forest","RE1-OB_productcatalogservice_disk_2","disk",1,0.01,FALSE
"RE1-OB","Isolation Forest","RE1-OB_productcatalogservice_disk_2","disk",2,0.717,TRUE
"RE1-OB","Isolation Forest","RE1-OB_productcatalogservice_disk_2","disk",3,0.639,TRUE
"RE1-OB","OC-SVM","RE1-OB_productcatalogservice_disk_2","disk",1,0.007,FALSE
"RE1-OB","OC-SVM","RE1-OB_productcatalogservice_disk_2","disk",2,0.94,TRUE
"RE1-OB","OC-SVM","RE1-OB_productcatalogservice_disk_2","disk",3,1,TRUE
"RE1-OB","PCA","RE1-OB_productcatalogservice_disk_3","disk",1,0.007,FALSE
"RE1-OB","PCA","RE1-OB_productcatalogservice_disk_3","disk",2,0.927,TRUE
"RE1-OB","PCA","RE1-OB_productcatalogservice_disk_3","disk",3,1,TRUE
"RE1-OB","Isolation Forest","RE1-OB_productcatalogservice_disk_3","disk",1,0.007,FALSE
"RE1-OB","Isolation Forest","RE1-OB_productcatalogservice_disk_3","disk",2,0.573,TRUE
"RE1-OB","Isolation Forest","RE1-OB_productcatalogservice_disk_3","disk",3,0.623,TRUE
"RE1-OB","OC-SVM","RE1-OB_productcatalogservice_disk_3","disk",1,0,FALSE
"RE1-OB","OC-SVM","RE1-OB_productcatalogservice_disk_3","disk",2,0,FALSE
"RE1-OB","OC-SVM","RE1-OB_productcatalogservice_disk_3","disk",3,0,FALSE
"RE1-OB","PCA","RE1-OB_productcatalogservice_disk_4","disk",1,0.007,FALSE
"RE1-OB","PCA","RE1-OB_productcatalogservice_disk_4","disk",2,0.977,TRUE
"RE1-OB","PCA","RE1-OB_productcatalogservice_disk_4","disk",3,1,TRUE
"RE1-OB","Isolation Forest","RE1-OB_productcatalogservice_disk_4","disk",1,0.007,FALSE
"RE1-OB","Isolation Forest","RE1-OB_productcatalogservice_disk_4","disk",2,0.32,TRUE
"RE1-OB","Isolation Forest","RE1-OB_productcatalogservice_disk_4","disk",3,0.41,TRUE
"RE1-OB","OC-SVM","RE1-OB_productcatalogservice_disk_4","disk",1,0.007,FALSE
"RE1-OB","OC-SVM","RE1-OB_productcatalogservice_disk_4","disk",2,0.977,TRUE
"RE1-OB","OC-SVM","RE1-OB_productcatalogservice_disk_4","disk",3,1,TRUE
"RE1-OB","PCA","RE1-OB_productcatalogservice_disk_5","disk",1,0.007,FALSE
"RE1-OB","PCA","RE1-OB_productcatalogservice_disk_5","disk",2,0.947,TRUE
"RE1-OB","PCA","RE1-OB_productcatalogservice_disk_5","disk",3,1,TRUE
"RE1-OB","Isolation Forest","RE1-OB_productcatalogservice_disk_5","disk",1,0.013,FALSE
"RE1-OB","Isolation Forest","RE1-OB_productcatalogservice_disk_5","disk",2,0.93,TRUE
"RE1-OB","Isolation Forest","RE1-OB_productcatalogservice_disk_5","disk",3,1,TRUE
"RE1-OB","OC-SVM","RE1-OB_productcatalogservice_disk_5","disk",1,0.007,FALSE
"RE1-OB","OC-SVM","RE1-OB_productcatalogservice_disk_5","disk",2,0.963,TRUE
"RE1-OB","OC-SVM","RE1-OB_productcatalogservice_disk_5","disk",3,1,TRUE
"RE1-OB","PCA","RE1-OB_productcatalogservice_mem_1","mem",1,0.003,FALSE
"RE1-OB","PCA","RE1-OB_productcatalogservice_mem_1","mem",2,0.557,TRUE
"RE1-OB","PCA","RE1-OB_productcatalogservice_mem_1","mem",3,0.973,TRUE
"RE1-OB","PCA","RE1-OB_productcatalogservice_mem_1","mem",4,0.313,TRUE
"RE1-OB","PCA","RE1-OB_productcatalogservice_mem_1","mem",5,0.717,TRUE
"RE1-OB","PCA","RE1-OB_productcatalogservice_mem_1","mem",6,0.867,TRUE
"RE1-OB","Isolation Forest","RE1-OB_productcatalogservice_mem_1","mem",1,0.007,FALSE
"RE1-OB","Isolation Forest","RE1-OB_productcatalogservice_mem_1","mem",2,0.987,TRUE
"RE1-OB","Isolation Forest","RE1-OB_productcatalogservice_mem_1","mem",3,1,TRUE
"RE1-OB","Isolation Forest","RE1-OB_productcatalogservice_mem_1","mem",4,1,TRUE
"RE1-OB","Isolation Forest","RE1-OB_productcatalogservice_mem_1","mem",5,1,TRUE
"RE1-OB","Isolation Forest","RE1-OB_productcatalogservice_mem_1","mem",6,1,TRUE
"RE1-OB","OC-SVM","RE1-OB_productcatalogservice_mem_1","mem",1,0,FALSE
"RE1-OB","OC-SVM","RE1-OB_productcatalogservice_mem_1","mem",2,0,FALSE
"RE1-OB","OC-SVM","RE1-OB_productcatalogservice_mem_1","mem",3,0,FALSE
"RE1-OB","OC-SVM","RE1-OB_productcatalogservice_mem_1","mem",4,0,FALSE
"RE1-OB","OC-SVM","RE1-OB_productcatalogservice_mem_1","mem",5,0,FALSE
"RE1-OB","OC-SVM","RE1-OB_productcatalogservice_mem_1","mem",6,0,FALSE
"RE1-OB","PCA","RE1-OB_productcatalogservice_mem_2","mem",1,0.007,FALSE
"RE1-OB","PCA","RE1-OB_productcatalogservice_mem_2","mem",2,0.973,TRUE
"RE1-OB","PCA","RE1-OB_productcatalogservice_mem_2","mem",3,1,TRUE
"RE1-OB","PCA","RE1-OB_productcatalogservice_mem_2","mem",4,1,TRUE
"RE1-OB","PCA","RE1-OB_productcatalogservice_mem_2","mem",5,1,TRUE
"RE1-OB","PCA","RE1-OB_productcatalogservice_mem_2","mem",6,1,TRUE
"RE1-OB","Isolation Forest","RE1-OB_productcatalogservice_mem_2","mem",1,0.01,FALSE
"RE1-OB","Isolation Forest","RE1-OB_productcatalogservice_mem_2","mem",2,0.913,TRUE
"RE1-OB","Isolation Forest","RE1-OB_productcatalogservice_mem_2","mem",3,1,TRUE
"RE1-OB","Isolation Forest","RE1-OB_productcatalogservice_mem_2","mem",4,1,TRUE
"RE1-OB","Isolation Forest","RE1-OB_productcatalogservice_mem_2","mem",5,1,TRUE
"RE1-OB","Isolation Forest","RE1-OB_productcatalogservice_mem_2","mem",6,1,TRUE
"RE1-OB","OC-SVM","RE1-OB_productcatalogservice_mem_2","mem",1,0,FALSE
"RE1-OB","OC-SVM","RE1-OB_productcatalogservice_mem_2","mem",2,0,FALSE
"RE1-OB","OC-SVM","RE1-OB_productcatalogservice_mem_2","mem",3,0,FALSE
"RE1-OB","OC-SVM","RE1-OB_productcatalogservice_mem_2","mem",4,0,FALSE
"RE1-OB","OC-SVM","RE1-OB_productcatalogservice_mem_2","mem",5,0,FALSE
"RE1-OB","OC-SVM","RE1-OB_productcatalogservice_mem_2","mem",6,0,FALSE
"RE1-OB","PCA","RE1-OB_productcatalogservice_mem_3","mem",1,0.007,FALSE
"RE1-OB","PCA","RE1-OB_productcatalogservice_mem_3","mem",2,0.98,TRUE
"RE1-OB","PCA","RE1-OB_productcatalogservice_mem_3","mem",3,1,TRUE
"RE1-OB","PCA","RE1-OB_productcatalogservice_mem_3","mem",4,1,TRUE
"RE1-OB","PCA","RE1-OB_productcatalogservice_mem_3","mem",5,1,TRUE
"RE1-OB","PCA","RE1-OB_productcatalogservice_mem_3","mem",6,1,TRUE
"RE1-OB","Isolation Forest","RE1-OB_productcatalogservice_mem_3","mem",1,0.007,FALSE
"RE1-OB","Isolation Forest","RE1-OB_productcatalogservice_mem_3","mem",2,0.943,TRUE
"RE1-OB","Isolation Forest","RE1-OB_productcatalogservice_mem_3","mem",3,1,TRUE
"RE1-OB","Isolation Forest","RE1-OB_productcatalogservice_mem_3","mem",4,1,TRUE
"RE1-OB","Isolation Forest","RE1-OB_productcatalogservice_mem_3","mem",5,1,TRUE
"RE1-OB","Isolation Forest","RE1-OB_productcatalogservice_mem_3","mem",6,1,TRUE
"RE1-OB","OC-SVM","RE1-OB_productcatalogservice_mem_3","mem",1,0.007,FALSE
"RE1-OB","OC-SVM","RE1-OB_productcatalogservice_mem_3","mem",2,0.98,TRUE
"RE1-OB","OC-SVM","RE1-OB_productcatalogservice_mem_3","mem",3,1,TRUE
"RE1-OB","OC-SVM","RE1-OB_productcatalogservice_mem_3","mem",4,1,TRUE
"RE1-OB","OC-SVM","RE1-OB_productcatalogservice_mem_3","mem",5,1,TRUE
"RE1-OB","OC-SVM","RE1-OB_productcatalogservice_mem_3","mem",6,1,TRUE
"RE1-OB","PCA","RE1-OB_productcatalogservice_mem_4","mem",1,0.007,FALSE
"RE1-OB","PCA","RE1-OB_productcatalogservice_mem_4","mem",2,0.963,TRUE
"RE1-OB","PCA","RE1-OB_productcatalogservice_mem_4","mem",3,1,TRUE
"RE1-OB","PCA","RE1-OB_productcatalogservice_mem_4","mem",4,1,TRUE
"RE1-OB","PCA","RE1-OB_productcatalogservice_mem_4","mem",5,1,TRUE
"RE1-OB","PCA","RE1-OB_productcatalogservice_mem_4","mem",6,1,TRUE
"RE1-OB","Isolation Forest","RE1-OB_productcatalogservice_mem_4","mem",1,0.007,FALSE
"RE1-OB","Isolation Forest","RE1-OB_productcatalogservice_mem_4","mem",2,0.947,TRUE
"RE1-OB","Isolation Forest","RE1-OB_productcatalogservice_mem_4","mem",3,1,TRUE
"RE1-OB","Isolation Forest","RE1-OB_productcatalogservice_mem_4","mem",4,1,TRUE
"RE1-OB","Isolation Forest","RE1-OB_productcatalogservice_mem_4","mem",5,1,TRUE
"RE1-OB","Isolation Forest","RE1-OB_productcatalogservice_mem_4","mem",6,1,TRUE
"RE1-OB","OC-SVM","RE1-OB_productcatalogservice_mem_4","mem",1,0.007,FALSE
"RE1-OB","OC-SVM","RE1-OB_productcatalogservice_mem_4","mem",2,0.963,TRUE
"RE1-OB","OC-SVM","RE1-OB_productcatalogservice_mem_4","mem",3,1,TRUE
"RE1-OB","OC-SVM","RE1-OB_productcatalogservice_mem_4","mem",4,1,TRUE
"RE1-OB","OC-SVM","RE1-OB_productcatalogservice_mem_4","mem",5,1,TRUE
"RE1-OB","OC-SVM","RE1-OB_productcatalogservice_mem_4","mem",6,1,TRUE
"RE1-OB","PCA","RE1-OB_productcatalogservice_mem_5","mem",1,0.007,FALSE
"RE1-OB","PCA","RE1-OB_productcatalogservice_mem_5","mem",2,0.957,TRUE
"RE1-OB","PCA","RE1-OB_productcatalogservice_mem_5","mem",3,1,TRUE
"RE1-OB","PCA","RE1-OB_productcatalogservice_mem_5","mem",4,1,TRUE
"RE1-OB","PCA","RE1-OB_productcatalogservice_mem_5","mem",5,1,TRUE
"RE1-OB","PCA","RE1-OB_productcatalogservice_mem_5","mem",6,1,TRUE
"RE1-OB","Isolation Forest","RE1-OB_productcatalogservice_mem_5","mem",1,0.01,FALSE
"RE1-OB","Isolation Forest","RE1-OB_productcatalogservice_mem_5","mem",2,0.107,TRUE
"RE1-OB","Isolation Forest","RE1-OB_productcatalogservice_mem_5","mem",3,0.057,FALSE
"RE1-OB","Isolation Forest","RE1-OB_productcatalogservice_mem_5","mem",4,0.1,TRUE
"RE1-OB","Isolation Forest","RE1-OB_productcatalogservice_mem_5","mem",5,0.087,FALSE
"RE1-OB","Isolation Forest","RE1-OB_productcatalogservice_mem_5","mem",6,0.09,FALSE
"RE1-OB","OC-SVM","RE1-OB_productcatalogservice_mem_5","mem",1,0.007,FALSE
"RE1-OB","OC-SVM","RE1-OB_productcatalogservice_mem_5","mem",2,0.957,TRUE
"RE1-OB","OC-SVM","RE1-OB_productcatalogservice_mem_5","mem",3,1,TRUE
"RE1-OB","OC-SVM","RE1-OB_productcatalogservice_mem_5","mem",4,1,TRUE
"RE1-OB","OC-SVM","RE1-OB_productcatalogservice_mem_5","mem",5,1,TRUE
"RE1-OB","OC-SVM","RE1-OB_productcatalogservice_mem_5","mem",6,1,TRUE
"RE1-SS","PCA","RE1-SS_carts_cpu_1","cpu",1,0.007,FALSE
"RE1-SS","PCA","RE1-SS_carts_cpu_1","cpu",2,0.273,TRUE
"RE1-SS","PCA","RE1-SS_carts_cpu_1","cpu",3,0,FALSE
"RE1-SS","Isolation Forest","RE1-SS_carts_cpu_1","cpu",1,0.01,FALSE
"RE1-SS","Isolation Forest","RE1-SS_carts_cpu_1","cpu",2,0.337,TRUE
"RE1-SS","Isolation Forest","RE1-SS_carts_cpu_1","cpu",3,0.705,TRUE
"RE1-SS","OC-SVM","RE1-SS_carts_cpu_1","cpu",1,0,FALSE
"RE1-SS","OC-SVM","RE1-SS_carts_cpu_1","cpu",2,0,FALSE
"RE1-SS","OC-SVM","RE1-SS_carts_cpu_1","cpu",3,0,FALSE
"RE1-SS","PCA","RE1-SS_carts_cpu_2","cpu",1,0.007,FALSE
"RE1-SS","PCA","RE1-SS_carts_cpu_2","cpu",2,0.61,TRUE
"RE1-SS","PCA","RE1-SS_carts_cpu_2","cpu",3,1,TRUE
"RE1-SS","Isolation Forest","RE1-SS_carts_cpu_2","cpu",1,0.007,FALSE
"RE1-SS","Isolation Forest","RE1-SS_carts_cpu_2","cpu",2,0.01,FALSE
"RE1-SS","Isolation Forest","RE1-SS_carts_cpu_2","cpu",3,0.049,FALSE
"RE1-SS","OC-SVM","RE1-SS_carts_cpu_2","cpu",1,0,FALSE
"RE1-SS","OC-SVM","RE1-SS_carts_cpu_2","cpu",2,0,FALSE
"RE1-SS","OC-SVM","RE1-SS_carts_cpu_2","cpu",3,0,FALSE
"RE1-SS","PCA","RE1-SS_carts_cpu_3","cpu",1,0.007,FALSE
"RE1-SS","PCA","RE1-SS_carts_cpu_3","cpu",2,0.68,TRUE
"RE1-SS","PCA","RE1-SS_carts_cpu_3","cpu",3,0,FALSE
"RE1-SS","Isolation Forest","RE1-SS_carts_cpu_3","cpu",1,0.007,FALSE
"RE1-SS","Isolation Forest","RE1-SS_carts_cpu_3","cpu",2,0.48,TRUE
"RE1-SS","Isolation Forest","RE1-SS_carts_cpu_3","cpu",3,0.213,TRUE
"RE1-SS","OC-SVM","RE1-SS_carts_cpu_3","cpu",1,0,FALSE
"RE1-SS","OC-SVM","RE1-SS_carts_cpu_3","cpu",2,0,FALSE
"RE1-SS","OC-SVM","RE1-SS_carts_cpu_3","cpu",3,0,FALSE
"RE1-SS","PCA","RE1-SS_carts_cpu_4","cpu",1,0.007,FALSE
"RE1-SS","PCA","RE1-SS_carts_cpu_4","cpu",2,0.843,TRUE
"RE1-SS","PCA","RE1-SS_carts_cpu_4","cpu",3,1,TRUE
"RE1-SS","Isolation Forest","RE1-SS_carts_cpu_4","cpu",1,0.007,FALSE
"RE1-SS","Isolation Forest","RE1-SS_carts_cpu_4","cpu",2,0.083,FALSE
"RE1-SS","Isolation Forest","RE1-SS_carts_cpu_4","cpu",3,0.246,TRUE
"RE1-SS","OC-SVM","RE1-SS_carts_cpu_4","cpu",1,0,FALSE
"RE1-SS","OC-SVM","RE1-SS_carts_cpu_4","cpu",2,0,FALSE
"RE1-SS","OC-SVM","RE1-SS_carts_cpu_4","cpu",3,0,FALSE
"RE1-SS","PCA","RE1-SS_carts_cpu_5","cpu",1,0.007,FALSE
"RE1-SS","PCA","RE1-SS_carts_cpu_5","cpu",2,0,FALSE
"RE1-SS","PCA","RE1-SS_carts_cpu_5","cpu",3,0,FALSE
"RE1-SS","Isolation Forest","RE1-SS_carts_cpu_5","cpu",1,0.01,FALSE
"RE1-SS","Isolation Forest","RE1-SS_carts_cpu_5","cpu",2,0.383,TRUE
"RE1-SS","Isolation Forest","RE1-SS_carts_cpu_5","cpu",3,0.279,TRUE
"RE1-SS","OC-SVM","RE1-SS_carts_cpu_5","cpu",1,0,FALSE
"RE1-SS","OC-SVM","RE1-SS_carts_cpu_5","cpu",2,0,FALSE
"RE1-SS","OC-SVM","RE1-SS_carts_cpu_5","cpu",3,0,FALSE
"RE1-SS","PCA","RE1-SS_carts_delay_1","delay",1,0.007,FALSE
"RE1-SS","PCA","RE1-SS_carts_delay_1","delay",2,0.96,TRUE
"RE1-SS","PCA","RE1-SS_carts_delay_1","delay",3,1,TRUE
"RE1-SS","Isolation Forest","RE1-SS_carts_delay_1","delay",1,0.01,FALSE
"RE1-SS","Isolation Forest","RE1-SS_carts_delay_1","delay",2,0.947,TRUE
"RE1-SS","Isolation Forest","RE1-SS_carts_delay_1","delay",3,1,TRUE
"RE1-SS","OC-SVM","RE1-SS_carts_delay_1","delay",1,0,FALSE
"RE1-SS","OC-SVM","RE1-SS_carts_delay_1","delay",2,0,FALSE
"RE1-SS","OC-SVM","RE1-SS_carts_delay_1","delay",3,0,FALSE
"RE1-SS","PCA","RE1-SS_carts_delay_2","delay",1,0.007,FALSE
"RE1-SS","PCA","RE1-SS_carts_delay_2","delay",2,0.957,TRUE
"RE1-SS","PCA","RE1-SS_carts_delay_2","delay",3,1,TRUE
"RE1-SS","Isolation Forest","RE1-SS_carts_delay_2","delay",1,0.007,FALSE
"RE1-SS","Isolation Forest","RE1-SS_carts_delay_2","delay",2,0.917,TRUE
"RE1-SS","Isolation Forest","RE1-SS_carts_delay_2","delay",3,1,TRUE
"RE1-SS","OC-SVM","RE1-SS_carts_delay_2","delay",1,0,FALSE
"RE1-SS","OC-SVM","RE1-SS_carts_delay_2","delay",2,0,FALSE
"RE1-SS","OC-SVM","RE1-SS_carts_delay_2","delay",3,0,FALSE
"RE1-SS","PCA","RE1-SS_carts_delay_3","delay",1,0.007,FALSE
"RE1-SS","PCA","RE1-SS_carts_delay_3","delay",2,0.983,TRUE
"RE1-SS","PCA","RE1-SS_carts_delay_3","delay",3,1,TRUE
"RE1-SS","Isolation Forest","RE1-SS_carts_delay_3","delay",1,0.01,FALSE
"RE1-SS","Isolation Forest","RE1-SS_carts_delay_3","delay",2,0.933,TRUE
"RE1-SS","Isolation Forest","RE1-SS_carts_delay_3","delay",3,1,TRUE
"RE1-SS","OC-SVM","RE1-SS_carts_delay_3","delay",1,0.007,FALSE
"RE1-SS","OC-SVM","RE1-SS_carts_delay_3","delay",2,0.983,TRUE
"RE1-SS","OC-SVM","RE1-SS_carts_delay_3","delay",3,1,TRUE
"RE1-SS","PCA","RE1-SS_carts_delay_4","delay",1,0.007,FALSE
"RE1-SS","PCA","RE1-SS_carts_delay_4","delay",2,0.953,TRUE
"RE1-SS","PCA","RE1-SS_carts_delay_4","delay",3,1,TRUE
"RE1-SS","Isolation Forest","RE1-SS_carts_delay_4","delay",1,0.01,FALSE
"RE1-SS","Isolation Forest","RE1-SS_carts_delay_4","delay",2,0.927,TRUE
"RE1-SS","Isolation Forest","RE1-SS_carts_delay_4","delay",3,1,TRUE
"RE1-SS","OC-SVM","RE1-SS_carts_delay_4","delay",1,0,FALSE
"RE1-SS","OC-SVM","RE1-SS_carts_delay_4","delay",2,0,FALSE
"RE1-SS","OC-SVM","RE1-SS_carts_delay_4","delay",3,0,FALSE
"RE1-SS","PCA","RE1-SS_carts_delay_5","delay",1,0.007,FALSE
"RE1-SS","PCA","RE1-SS_carts_delay_5","delay",2,0.973,TRUE
"RE1-SS","PCA","RE1-SS_carts_delay_5","delay",3,1,TRUE
"RE1-SS","Isolation Forest","RE1-SS_carts_delay_5","delay",1,0.007,FALSE
"RE1-SS","Isolation Forest","RE1-SS_carts_delay_5","delay",2,0.913,TRUE
"RE1-SS","Isolation Forest","RE1-SS_carts_delay_5","delay",3,0.984,TRUE
"RE1-SS","OC-SVM","RE1-SS_carts_delay_5","delay",1,0,FALSE
"RE1-SS","OC-SVM","RE1-SS_carts_delay_5","delay",2,0,FALSE
"RE1-SS","OC-SVM","RE1-SS_carts_delay_5","delay",3,0,FALSE
"RE1-SS","PCA","RE1-SS_carts_disk_1","disk",1,0.007,FALSE
"RE1-SS","PCA","RE1-SS_carts_disk_1","disk",2,0.993,TRUE
"RE1-SS","PCA","RE1-SS_carts_disk_1","disk",3,1,TRUE
"RE1-SS","Isolation Forest","RE1-SS_carts_disk_1","disk",1,0.007,FALSE
"RE1-SS","Isolation Forest","RE1-SS_carts_disk_1","disk",2,0.877,TRUE
"RE1-SS","Isolation Forest","RE1-SS_carts_disk_1","disk",3,0.967,TRUE
"RE1-SS","OC-SVM","RE1-SS_carts_disk_1","disk",1,0,FALSE
"RE1-SS","OC-SVM","RE1-SS_carts_disk_1","disk",2,0,FALSE
"RE1-SS","OC-SVM","RE1-SS_carts_disk_1","disk",3,0,FALSE
"RE1-SS","PCA","RE1-SS_carts_disk_2","disk",1,0.007,FALSE
"RE1-SS","PCA","RE1-SS_carts_disk_2","disk",2,0.993,TRUE
"RE1-SS","PCA","RE1-SS_carts_disk_2","disk",3,1,TRUE
"RE1-SS","Isolation Forest","RE1-SS_carts_disk_2","disk",1,0.007,FALSE
"RE1-SS","Isolation Forest","RE1-SS_carts_disk_2","disk",2,0.26,TRUE
"RE1-SS","Isolation Forest","RE1-SS_carts_disk_2","disk",3,0.459,TRUE
"RE1-SS","OC-SVM","RE1-SS_carts_disk_2","disk",1,0.007,FALSE
"RE1-SS","OC-SVM","RE1-SS_carts_disk_2","disk",2,0.993,TRUE
"RE1-SS","OC-SVM","RE1-SS_carts_disk_2","disk",3,1,TRUE
"RE1-SS","PCA","RE1-SS_carts_disk_3","disk",1,0.007,FALSE
"RE1-SS","PCA","RE1-SS_carts_disk_3","disk",2,0.923,TRUE
"RE1-SS","PCA","RE1-SS_carts_disk_3","disk",3,1,TRUE
"RE1-SS","Isolation Forest","RE1-SS_carts_disk_3","disk",1,0.007,FALSE
"RE1-SS","Isolation Forest","RE1-SS_carts_disk_3","disk",2,0.467,TRUE
"RE1-SS","Isolation Forest","RE1-SS_carts_disk_3","disk",3,0.59,TRUE
"RE1-SS","OC-SVM","RE1-SS_carts_disk_3","disk",1,0,FALSE
"RE1-SS","OC-SVM","RE1-SS_carts_disk_3","disk",2,0,FALSE
"RE1-SS","OC-SVM","RE1-SS_carts_disk_3","disk",3,0,FALSE
"RE1-SS","PCA","RE1-SS_carts_disk_4","disk",1,0.007,FALSE
"RE1-SS","PCA","RE1-SS_carts_disk_4","disk",2,0.247,TRUE
"RE1-SS","PCA","RE1-SS_carts_disk_4","disk",3,0,FALSE
"RE1-SS","Isolation Forest","RE1-SS_carts_disk_4","disk",1,0.007,FALSE
"RE1-SS","Isolation Forest","RE1-SS_carts_disk_4","disk",2,0.12,TRUE
"RE1-SS","Isolation Forest","RE1-SS_carts_disk_4","disk",3,0.066,FALSE
"RE1-SS","OC-SVM","RE1-SS_carts_disk_4","disk",1,0,FALSE
"RE1-SS","OC-SVM","RE1-SS_carts_disk_4","disk",2,0,FALSE
"RE1-SS","OC-SVM","RE1-SS_carts_disk_4","disk",3,0,FALSE
"RE1-SS","PCA","RE1-SS_carts_disk_5","disk",1,0.007,FALSE
"RE1-SS","PCA","RE1-SS_carts_disk_5","disk",2,0.973,TRUE
"RE1-SS","PCA","RE1-SS_carts_disk_5","disk",3,1,TRUE
"RE1-SS","Isolation Forest","RE1-SS_carts_disk_5","disk",1,0.007,FALSE
"RE1-SS","Isolation Forest","RE1-SS_carts_disk_5","disk",2,0.197,TRUE
"RE1-SS","Isolation Forest","RE1-SS_carts_disk_5","disk",3,0.246,TRUE
"RE1-SS","OC-SVM","RE1-SS_carts_disk_5","disk",1,0,FALSE
"RE1-SS","OC-SVM","RE1-SS_carts_disk_5","disk",2,0,FALSE
"RE1-SS","OC-SVM","RE1-SS_carts_disk_5","disk",3,0,FALSE
"RE1-SS","PCA","RE1-SS_carts_mem_1","mem",1,0.007,FALSE
"RE1-SS","PCA","RE1-SS_carts_mem_1","mem",2,0.903,TRUE
"RE1-SS","PCA","RE1-SS_carts_mem_1","mem",3,1,TRUE
"RE1-SS","Isolation Forest","RE1-SS_carts_mem_1","mem",1,0.007,FALSE
"RE1-SS","Isolation Forest","RE1-SS_carts_mem_1","mem",2,0.797,TRUE
"RE1-SS","Isolation Forest","RE1-SS_carts_mem_1","mem",3,0.967,TRUE
"RE1-SS","OC-SVM","RE1-SS_carts_mem_1","mem",1,0,FALSE
"RE1-SS","OC-SVM","RE1-SS_carts_mem_1","mem",2,0,FALSE
"RE1-SS","OC-SVM","RE1-SS_carts_mem_1","mem",3,0,FALSE
"RE1-SS","PCA","RE1-SS_carts_mem_2","mem",1,0.007,FALSE
"RE1-SS","PCA","RE1-SS_carts_mem_2","mem",2,0.95,TRUE
"RE1-SS","PCA","RE1-SS_carts_mem_2","mem",3,1,TRUE
"RE1-SS","Isolation Forest","RE1-SS_carts_mem_2","mem",1,0.007,FALSE
"RE1-SS","Isolation Forest","RE1-SS_carts_mem_2","mem",2,0.65,TRUE
"RE1-SS","Isolation Forest","RE1-SS_carts_mem_2","mem",3,0.41,TRUE
"RE1-SS","OC-SVM","RE1-SS_carts_mem_2","mem",1,0,FALSE
"RE1-SS","OC-SVM","RE1-SS_carts_mem_2","mem",2,0,FALSE
"RE1-SS","OC-SVM","RE1-SS_carts_mem_2","mem",3,0,FALSE
"RE1-SS","PCA","RE1-SS_carts_mem_3","mem",1,0.007,FALSE
"RE1-SS","PCA","RE1-SS_carts_mem_3","mem",2,0.823,TRUE
"RE1-SS","PCA","RE1-SS_carts_mem_3","mem",3,1,TRUE
"RE1-SS","Isolation Forest","RE1-SS_carts_mem_3","mem",1,0.01,FALSE
"RE1-SS","Isolation Forest","RE1-SS_carts_mem_3","mem",2,0.69,TRUE
"RE1-SS","Isolation Forest","RE1-SS_carts_mem_3","mem",3,0.902,TRUE
"RE1-SS","OC-SVM","RE1-SS_carts_mem_3","mem",1,0,FALSE
"RE1-SS","OC-SVM","RE1-SS_carts_mem_3","mem",2,0,FALSE
"RE1-SS","OC-SVM","RE1-SS_carts_mem_3","mem",3,0,FALSE
"RE1-SS","PCA","RE1-SS_carts_mem_4","mem",1,0.007,FALSE
"RE1-SS","PCA","RE1-SS_carts_mem_4","mem",2,0.547,TRUE
"RE1-SS","PCA","RE1-SS_carts_mem_4","mem",3,1,TRUE
"RE1-SS","Isolation Forest","RE1-SS_carts_mem_4","mem",1,0.007,FALSE
"RE1-SS","Isolation Forest","RE1-SS_carts_mem_4","mem",2,0.96,TRUE
"RE1-SS","Isolation Forest","RE1-SS_carts_mem_4","mem",3,1,TRUE
"RE1-SS","OC-SVM","RE1-SS_carts_mem_4","mem",1,0,FALSE
"RE1-SS","OC-SVM","RE1-SS_carts_mem_4","mem",2,0,FALSE
"RE1-SS","OC-SVM","RE1-SS_carts_mem_4","mem",3,0,FALSE
"RE1-SS","PCA","RE1-SS_carts_mem_5","mem",1,0.007,FALSE
"RE1-SS","PCA","RE1-SS_carts_mem_5","mem",2,0,FALSE
"RE1-SS","PCA","RE1-SS_carts_mem_5","mem",3,0,FALSE
"RE1-SS","Isolation Forest","RE1-SS_carts_mem_5","mem",1,0.01,FALSE
"RE1-SS","Isolation Forest","RE1-SS_carts_mem_5","mem",2,0.937,TRUE
"RE1-SS","Isolation Forest","RE1-SS_carts_mem_5","mem",3,1,TRUE
"RE1-SS","OC-SVM","RE1-SS_carts_mem_5","mem",1,0,FALSE
"RE1-SS","OC-SVM","RE1-SS_carts_mem_5","mem",2,0,FALSE
"RE1-SS","OC-SVM","RE1-SS_carts_mem_5","mem",3,0,FALSE
"RE1-SS","PCA","RE1-SS_catalogue_cpu_1","cpu",1,0.007,FALSE
"RE1-SS","PCA","RE1-SS_catalogue_cpu_1","cpu",2,0.99,TRUE
"RE1-SS","PCA","RE1-SS_catalogue_cpu_1","cpu",3,1,TRUE
"RE1-SS","Isolation Forest","RE1-SS_catalogue_cpu_1","cpu",1,0.007,FALSE
"RE1-SS","Isolation Forest","RE1-SS_catalogue_cpu_1","cpu",2,0.097,FALSE
"RE1-SS","Isolation Forest","RE1-SS_catalogue_cpu_1","cpu",3,0.131,TRUE
"RE1-SS","OC-SVM","RE1-SS_catalogue_cpu_1","cpu",1,0,FALSE
"RE1-SS","OC-SVM","RE1-SS_catalogue_cpu_1","cpu",2,0,FALSE
"RE1-SS","OC-SVM","RE1-SS_catalogue_cpu_1","cpu",3,0,FALSE
"RE1-SS","PCA","RE1-SS_catalogue_cpu_2","cpu",1,0.007,FALSE
"RE1-SS","PCA","RE1-SS_catalogue_cpu_2","cpu",2,0.443,TRUE
"RE1-SS","PCA","RE1-SS_catalogue_cpu_2","cpu",3,0.23,TRUE
"RE1-SS","Isolation Forest","RE1-SS_catalogue_cpu_2","cpu",1,0.007,FALSE
"RE1-SS","Isolation Forest","RE1-SS_catalogue_cpu_2","cpu",2,0.06,FALSE
"RE1-SS","Isolation Forest","RE1-SS_catalogue_cpu_2","cpu",3,0.066,FALSE
"RE1-SS","OC-SVM","RE1-SS_catalogue_cpu_2","cpu",1,0,FALSE
"RE1-SS","OC-SVM","RE1-SS_catalogue_cpu_2","cpu",2,0,FALSE
"RE1-SS","OC-SVM","RE1-SS_catalogue_cpu_2","cpu",3,0,FALSE
"RE1-SS","PCA","RE1-SS_catalogue_cpu_3","cpu",1,0.007,FALSE
"RE1-SS","PCA","RE1-SS_catalogue_cpu_3","cpu",2,0.993,TRUE
"RE1-SS","PCA","RE1-SS_catalogue_cpu_3","cpu",3,1,TRUE
"RE1-SS","Isolation Forest","RE1-SS_catalogue_cpu_3","cpu",1,0.007,FALSE
"RE1-SS","Isolation Forest","RE1-SS_catalogue_cpu_3","cpu",2,0.023,FALSE
"RE1-SS","Isolation Forest","RE1-SS_catalogue_cpu_3","cpu",3,0.016,FALSE
"RE1-SS","OC-SVM","RE1-SS_catalogue_cpu_3","cpu",1,0,FALSE
"RE1-SS","OC-SVM","RE1-SS_catalogue_cpu_3","cpu",2,0,FALSE
"RE1-SS","OC-SVM","RE1-SS_catalogue_cpu_3","cpu",3,0,FALSE
"RE1-SS","PCA","RE1-SS_catalogue_cpu_4","cpu",1,0.007,FALSE
"RE1-SS","PCA","RE1-SS_catalogue_cpu_4","cpu",2,0.9,TRUE
"RE1-SS","PCA","RE1-SS_catalogue_cpu_4","cpu",3,1,TRUE
"RE1-SS","Isolation Forest","RE1-SS_catalogue_cpu_4","cpu",1,0.01,FALSE
"RE1-SS","Isolation Forest","RE1-SS_catalogue_cpu_4","cpu",2,0.247,TRUE
"RE1-SS","Isolation Forest","RE1-SS_catalogue_cpu_4","cpu",3,0.311,TRUE
"RE1-SS","OC-SVM","RE1-SS_catalogue_cpu_4","cpu",1,0,FALSE
"RE1-SS","OC-SVM","RE1-SS_catalogue_cpu_4","cpu",2,0,FALSE
"RE1-SS","OC-SVM","RE1-SS_catalogue_cpu_4","cpu",3,0,FALSE
"RE1-SS","PCA","RE1-SS_catalogue_cpu_5","cpu",1,0.007,FALSE
"RE1-SS","PCA","RE1-SS_catalogue_cpu_5","cpu",2,0,FALSE
"RE1-SS","PCA","RE1-SS_catalogue_cpu_5","cpu",3,0,FALSE
"RE1-SS","Isolation Forest","RE1-SS_catalogue_cpu_5","cpu",1,0.007,FALSE
"RE1-SS","Isolation Forest","RE1-SS_catalogue_cpu_5","cpu",2,0.307,TRUE
"RE1-SS","Isolation Forest","RE1-SS_catalogue_cpu_5","cpu",3,0.148,TRUE
"RE1-SS","OC-SVM","RE1-SS_catalogue_cpu_5","cpu",1,0,FALSE
"RE1-SS","OC-SVM","RE1-SS_catalogue_cpu_5","cpu",2,0,FALSE
"RE1-SS","OC-SVM","RE1-SS_catalogue_cpu_5","cpu",3,0,FALSE
"RE1-SS","PCA","RE1-SS_catalogue_delay_1","delay",1,0.007,FALSE
"RE1-SS","PCA","RE1-SS_catalogue_delay_1","delay",2,0.97,TRUE
"RE1-SS","PCA","RE1-SS_catalogue_delay_1","delay",3,1,TRUE
"RE1-SS","Isolation Forest","RE1-SS_catalogue_delay_1","delay",1,0.007,FALSE
"RE1-SS","Isolation Forest","RE1-SS_catalogue_delay_1","delay",2,0.057,FALSE
"RE1-SS","Isolation Forest","RE1-SS_catalogue_delay_1","delay",3,0.098,FALSE
"RE1-SS","OC-SVM","RE1-SS_catalogue_delay_1","delay",1,0,FALSE
"RE1-SS","OC-SVM","RE1-SS_catalogue_delay_1","delay",2,0,FALSE
"RE1-SS","OC-SVM","RE1-SS_catalogue_delay_1","delay",3,0,FALSE
"RE1-SS","PCA","RE1-SS_catalogue_delay_2","delay",1,0.007,FALSE
"RE1-SS","PCA","RE1-SS_catalogue_delay_2","delay",2,0.987,TRUE
"RE1-SS","PCA","RE1-SS_catalogue_delay_2","delay",3,1,TRUE
"RE1-SS","Isolation Forest","RE1-SS_catalogue_delay_2","delay",1,0.007,FALSE
"RE1-SS","Isolation Forest","RE1-SS_catalogue_delay_2","delay",2,0.057,FALSE
"RE1-SS","Isolation Forest","RE1-SS_catalogue_delay_2","delay",3,0,FALSE
"RE1-SS","OC-SVM","RE1-SS_catalogue_delay_2","delay",1,0,FALSE
"RE1-SS","OC-SVM","RE1-SS_catalogue_delay_2","delay",2,0,FALSE
"RE1-SS","OC-SVM","RE1-SS_catalogue_delay_2","delay",3,0,FALSE
"RE1-SS","PCA","RE1-SS_catalogue_delay_3","delay",1,0.007,FALSE
"RE1-SS","PCA","RE1-SS_catalogue_delay_3","delay",2,0.967,TRUE
"RE1-SS","PCA","RE1-SS_catalogue_delay_3","delay",3,1,TRUE
"RE1-SS","Isolation Forest","RE1-SS_catalogue_delay_3","delay",1,0.007,FALSE
"RE1-SS","Isolation Forest","RE1-SS_catalogue_delay_3","delay",2,0.51,TRUE
"RE1-SS","Isolation Forest","RE1-SS_catalogue_delay_3","delay",3,0.525,TRUE
"RE1-SS","OC-SVM","RE1-SS_catalogue_delay_3","delay",1,0,FALSE
"RE1-SS","OC-SVM","RE1-SS_catalogue_delay_3","delay",2,0,FALSE
"RE1-SS","OC-SVM","RE1-SS_catalogue_delay_3","delay",3,0,FALSE
"RE1-SS","PCA","RE1-SS_catalogue_delay_4","delay",1,0.007,FALSE
"RE1-SS","PCA","RE1-SS_catalogue_delay_4","delay",2,0.977,TRUE
"RE1-SS","PCA","RE1-SS_catalogue_delay_4","delay",3,1,TRUE
"RE1-SS","Isolation Forest","RE1-SS_catalogue_delay_4","delay",1,0.007,FALSE
"RE1-SS","Isolation Forest","RE1-SS_catalogue_delay_4","delay",2,0.49,TRUE
"RE1-SS","Isolation Forest","RE1-SS_catalogue_delay_4","delay",3,0.197,TRUE
"RE1-SS","OC-SVM","RE1-SS_catalogue_delay_4","delay",1,0,FALSE
"RE1-SS","OC-SVM","RE1-SS_catalogue_delay_4","delay",2,0,FALSE
"RE1-SS","OC-SVM","RE1-SS_catalogue_delay_4","delay",3,0,FALSE
"RE1-SS","PCA","RE1-SS_catalogue_delay_5","delay",1,0.007,FALSE
"RE1-SS","PCA","RE1-SS_catalogue_delay_5","delay",2,1,TRUE
"RE1-SS","PCA","RE1-SS_catalogue_delay_5","delay",3,1,TRUE
"RE1-SS","Isolation Forest","RE1-SS_catalogue_delay_5","delay",1,0.007,FALSE
"RE1-SS","Isolation Forest","RE1-SS_catalogue_delay_5","delay",2,0.167,TRUE
"RE1-SS","Isolation Forest","RE1-SS_catalogue_delay_5","delay",3,0.377,TRUE
"RE1-SS","OC-SVM","RE1-SS_catalogue_delay_5","delay",1,0,FALSE
"RE1-SS","OC-SVM","RE1-SS_catalogue_delay_5","delay",2,0,FALSE
"RE1-SS","OC-SVM","RE1-SS_catalogue_delay_5","delay",3,0,FALSE
"RE1-SS","PCA","RE1-SS_catalogue_disk_1","disk",1,0.007,FALSE
"RE1-SS","PCA","RE1-SS_catalogue_disk_1","disk",2,0.993,TRUE
"RE1-SS","PCA","RE1-SS_catalogue_disk_1","disk",3,1,TRUE
"RE1-SS","Isolation Forest","RE1-SS_catalogue_disk_1","disk",1,0.007,FALSE
"RE1-SS","Isolation Forest","RE1-SS_catalogue_disk_1","disk",2,0.623,TRUE
"RE1-SS","Isolation Forest","RE1-SS_catalogue_disk_1","disk",3,0.689,TRUE
"RE1-SS","OC-SVM","RE1-SS_catalogue_disk_1","disk",1,0,FALSE
"RE1-SS","OC-SVM","RE1-SS_catalogue_disk_1","disk",2,0,FALSE
"RE1-SS","OC-SVM","RE1-SS_catalogue_disk_1","disk",3,0,FALSE
"RE1-SS","PCA","RE1-SS_catalogue_disk_2","disk",1,0.007,FALSE
"RE1-SS","PCA","RE1-SS_catalogue_disk_2","disk",2,0.857,TRUE
"RE1-SS","PCA","RE1-SS_catalogue_disk_2","disk",3,1,TRUE
"RE1-SS","Isolation Forest","RE1-SS_catalogue_disk_2","disk",1,0.007,FALSE
"RE1-SS","Isolation Forest","RE1-SS_catalogue_disk_2","disk",2,0.473,TRUE
"RE1-SS","Isolation Forest","RE1-SS_catalogue_disk_2","disk",3,0.787,TRUE
"RE1-SS","OC-SVM","RE1-SS_catalogue_disk_2","disk",1,0,FALSE
"RE1-SS","OC-SVM","RE1-SS_catalogue_disk_2","disk",2,0,FALSE
"RE1-SS","OC-SVM","RE1-SS_catalogue_disk_2","disk",3,0,FALSE
"RE1-SS","PCA","RE1-SS_catalogue_disk_3","disk",1,0.007,FALSE
"RE1-SS","PCA","RE1-SS_catalogue_disk_3","disk",2,0.714,TRUE
"RE1-SS","Isolation Forest","RE1-SS_catalogue_disk_3","disk",1,0.007,FALSE
"RE1-SS","Isolation Forest","RE1-SS_catalogue_disk_3","disk",2,0.404,TRUE
"RE1-SS","OC-SVM","RE1-SS_catalogue_disk_3","disk",1,0,FALSE
"RE1-SS","OC-SVM","RE1-SS_catalogue_disk_3","disk",2,0,FALSE
"RE1-SS","PCA","RE1-SS_catalogue_disk_4","disk",1,0.007,FALSE
"RE1-SS","PCA","RE1-SS_catalogue_disk_4","disk",2,0.957,TRUE
"RE1-SS","PCA","RE1-SS_catalogue_disk_4","disk",3,1,TRUE
"RE1-SS","Isolation Forest","RE1-SS_catalogue_disk_4","disk",1,0.01,FALSE
"RE1-SS","Isolation Forest","RE1-SS_catalogue_disk_4","disk",2,0.07,FALSE
"RE1-SS","Isolation Forest","RE1-SS_catalogue_disk_4","disk",3,0,FALSE
"RE1-SS","OC-SVM","RE1-SS_catalogue_disk_4","disk",1,0,FALSE
"RE1-SS","OC-SVM","RE1-SS_catalogue_disk_4","disk",2,0,FALSE
"RE1-SS","OC-SVM","RE1-SS_catalogue_disk_4","disk",3,0,FALSE
"RE1-SS","PCA","RE1-SS_catalogue_disk_5","disk",1,0.007,FALSE
"RE1-SS","PCA","RE1-SS_catalogue_disk_5","disk",2,0.97,TRUE
"RE1-SS","PCA","RE1-SS_catalogue_disk_5","disk",3,1,TRUE
"RE1-SS","Isolation Forest","RE1-SS_catalogue_disk_5","disk",1,0.023,FALSE
"RE1-SS","Isolation Forest","RE1-SS_catalogue_disk_5","disk",2,0.227,TRUE
"RE1-SS","Isolation Forest","RE1-SS_catalogue_disk_5","disk",3,0.164,TRUE
"RE1-SS","OC-SVM","RE1-SS_catalogue_disk_5","disk",1,0,FALSE
"RE1-SS","OC-SVM","RE1-SS_catalogue_disk_5","disk",2,0,FALSE
"RE1-SS","OC-SVM","RE1-SS_catalogue_disk_5","disk",3,0,FALSE
"RE1-SS","PCA","RE1-SS_catalogue_mem_1","mem",1,0.007,FALSE
"RE1-SS","PCA","RE1-SS_catalogue_mem_1","mem",2,0.4,TRUE
"RE1-SS","PCA","RE1-SS_catalogue_mem_1","mem",3,0,FALSE
"RE1-SS","Isolation Forest","RE1-SS_catalogue_mem_1","mem",1,0.007,FALSE
"RE1-SS","Isolation Forest","RE1-SS_catalogue_mem_1","mem",2,0.703,TRUE
"RE1-SS","Isolation Forest","RE1-SS_catalogue_mem_1","mem",3,0.934,TRUE
"RE1-SS","OC-SVM","RE1-SS_catalogue_mem_1","mem",1,0,FALSE
"RE1-SS","OC-SVM","RE1-SS_catalogue_mem_1","mem",2,0,FALSE
"RE1-SS","OC-SVM","RE1-SS_catalogue_mem_1","mem",3,0,FALSE
"RE1-SS","PCA","RE1-SS_catalogue_mem_2","mem",1,0.007,FALSE
"RE1-SS","PCA","RE1-SS_catalogue_mem_2","mem",2,0.987,TRUE
"RE1-SS","PCA","RE1-SS_catalogue_mem_2","mem",3,1,TRUE
"RE1-SS","Isolation Forest","RE1-SS_catalogue_mem_2","mem",1,0.007,FALSE
"RE1-SS","Isolation Forest","RE1-SS_catalogue_mem_2","mem",2,0.903,TRUE
"RE1-SS","Isolation Forest","RE1-SS_catalogue_mem_2","mem",3,1,TRUE
"RE1-SS","OC-SVM","RE1-SS_catalogue_mem_2","mem",1,0,FALSE
"RE1-SS","OC-SVM","RE1-SS_catalogue_mem_2","mem",2,0,FALSE
"RE1-SS","OC-SVM","RE1-SS_catalogue_mem_2","mem",3,0,FALSE
"RE1-SS","PCA","RE1-SS_catalogue_mem_3","mem",1,0.007,FALSE
"RE1-SS","PCA","RE1-SS_catalogue_mem_3","mem",2,0.983,TRUE
"RE1-SS","PCA","RE1-SS_catalogue_mem_3","mem",3,1,TRUE
"RE1-SS","Isolation Forest","RE1-SS_catalogue_mem_3","mem",1,0.007,FALSE
"RE1-SS","Isolation Forest","RE1-SS_catalogue_mem_3","mem",2,0.657,TRUE
"RE1-SS","Isolation Forest","RE1-SS_catalogue_mem_3","mem",3,0.836,TRUE
"RE1-SS","OC-SVM","RE1-SS_catalogue_mem_3","mem",1,0,FALSE
"RE1-SS","OC-SVM","RE1-SS_catalogue_mem_3","mem",2,0,FALSE
"RE1-SS","OC-SVM","RE1-SS_catalogue_mem_3","mem",3,0,FALSE
"RE1-SS","PCA","RE1-SS_catalogue_mem_4","mem",1,0.007,FALSE
"RE1-SS","PCA","RE1-SS_catalogue_mem_4","mem",2,0.97,TRUE
"RE1-SS","PCA","RE1-SS_catalogue_mem_4","mem",3,1,TRUE
"RE1-SS","Isolation Forest","RE1-SS_catalogue_mem_4","mem",1,0.007,FALSE
"RE1-SS","Isolation Forest","RE1-SS_catalogue_mem_4","mem",2,0.77,TRUE
"RE1-SS","Isolation Forest","RE1-SS_catalogue_mem_4","mem",3,0.984,TRUE
"RE1-SS","OC-SVM","RE1-SS_catalogue_mem_4","mem",1,0,FALSE
"RE1-SS","OC-SVM","RE1-SS_catalogue_mem_4","mem",2,0,FALSE
"RE1-SS","OC-SVM","RE1-SS_catalogue_mem_4","mem",3,0,FALSE
"RE1-SS","PCA","RE1-SS_catalogue_mem_5","mem",1,0.007,FALSE
"RE1-SS","PCA","RE1-SS_catalogue_mem_5","mem",2,0.99,TRUE
"RE1-SS","PCA","RE1-SS_catalogue_mem_5","mem",3,1,TRUE
"RE1-SS","Isolation Forest","RE1-SS_catalogue_mem_5","mem",1,0.007,FALSE
"RE1-SS","Isolation Forest","RE1-SS_catalogue_mem_5","mem",2,0.563,TRUE
"RE1-SS","Isolation Forest","RE1-SS_catalogue_mem_5","mem",3,0.426,TRUE
"RE1-SS","OC-SVM","RE1-SS_catalogue_mem_5","mem",1,0,FALSE
"RE1-SS","OC-SVM","RE1-SS_catalogue_mem_5","mem",2,0,FALSE
"RE1-SS","OC-SVM","RE1-SS_catalogue_mem_5","mem",3,0,FALSE
"RE1-SS","PCA","RE1-SS_orders_cpu_1","cpu",1,0.007,FALSE
"RE1-SS","PCA","RE1-SS_orders_cpu_1","cpu",2,0,FALSE
"RE1-SS","PCA","RE1-SS_orders_cpu_1","cpu",3,0,FALSE
"RE1-SS","Isolation Forest","RE1-SS_orders_cpu_1","cpu",1,0.007,FALSE
"RE1-SS","Isolation Forest","RE1-SS_orders_cpu_1","cpu",2,0.22,TRUE
"RE1-SS","Isolation Forest","RE1-SS_orders_cpu_1","cpu",3,0.525,TRUE
"RE1-SS","OC-SVM","RE1-SS_orders_cpu_1","cpu",1,0,FALSE
"RE1-SS","OC-SVM","RE1-SS_orders_cpu_1","cpu",2,0,FALSE
"RE1-SS","OC-SVM","RE1-SS_orders_cpu_1","cpu",3,0,FALSE
"RE1-SS","PCA","RE1-SS_orders_cpu_2","cpu",1,0.007,FALSE
"RE1-SS","PCA","RE1-SS_orders_cpu_2","cpu",2,0.05,FALSE
"RE1-SS","PCA","RE1-SS_orders_cpu_2","cpu",3,0,FALSE
"RE1-SS","Isolation Forest","RE1-SS_orders_cpu_2","cpu",1,0.01,FALSE
"RE1-SS","Isolation Forest","RE1-SS_orders_cpu_2","cpu",2,0.253,TRUE
"RE1-SS","Isolation Forest","RE1-SS_orders_cpu_2","cpu",3,0.77,TRUE
"RE1-SS","OC-SVM","RE1-SS_orders_cpu_2","cpu",1,0,FALSE
"RE1-SS","OC-SVM","RE1-SS_orders_cpu_2","cpu",2,0,FALSE
"RE1-SS","OC-SVM","RE1-SS_orders_cpu_2","cpu",3,0,FALSE
"RE1-SS","PCA","RE1-SS_orders_cpu_3","cpu",1,0.007,FALSE
"RE1-SS","PCA","RE1-SS_orders_cpu_3","cpu",2,1,TRUE
"RE1-SS","PCA","RE1-SS_orders_cpu_3","cpu",3,1,TRUE
"RE1-SS","Isolation Forest","RE1-SS_orders_cpu_3","cpu",1,0.007,FALSE
"RE1-SS","Isolation Forest","RE1-SS_orders_cpu_3","cpu",2,0.703,TRUE
"RE1-SS","Isolation Forest","RE1-SS_orders_cpu_3","cpu",3,0.426,TRUE
"RE1-SS","OC-SVM","RE1-SS_orders_cpu_3","cpu",1,0,FALSE
"RE1-SS","OC-SVM","RE1-SS_orders_cpu_3","cpu",2,0,FALSE
"RE1-SS","OC-SVM","RE1-SS_orders_cpu_3","cpu",3,0,FALSE
"RE1-SS","PCA","RE1-SS_orders_cpu_4","cpu",1,0.007,FALSE
"RE1-SS","PCA","RE1-SS_orders_cpu_4","cpu",2,0,FALSE
"RE1-SS","PCA","RE1-SS_orders_cpu_4","cpu",3,0,FALSE
"RE1-SS","Isolation Forest","RE1-SS_orders_cpu_4","cpu",1,0.007,FALSE
"RE1-SS","Isolation Forest","RE1-SS_orders_cpu_4","cpu",2,0.087,FALSE
"RE1-SS","Isolation Forest","RE1-SS_orders_cpu_4","cpu",3,0.148,TRUE
"RE1-SS","OC-SVM","RE1-SS_orders_cpu_4","cpu",1,0,FALSE
"RE1-SS","OC-SVM","RE1-SS_orders_cpu_4","cpu",2,0,FALSE
"RE1-SS","OC-SVM","RE1-SS_orders_cpu_4","cpu",3,0,FALSE
"RE1-SS","PCA","RE1-SS_orders_cpu_5","cpu",1,0.007,FALSE
"RE1-SS","PCA","RE1-SS_orders_cpu_5","cpu",2,1,TRUE
"RE1-SS","PCA","RE1-SS_orders_cpu_5","cpu",3,1,TRUE
"RE1-SS","Isolation Forest","RE1-SS_orders_cpu_5","cpu",1,0.007,FALSE
"RE1-SS","Isolation Forest","RE1-SS_orders_cpu_5","cpu",2,0.087,FALSE
"RE1-SS","Isolation Forest","RE1-SS_orders_cpu_5","cpu",3,0.066,FALSE
"RE1-SS","OC-SVM","RE1-SS_orders_cpu_5","cpu",1,0,FALSE
"RE1-SS","OC-SVM","RE1-SS_orders_cpu_5","cpu",2,0,FALSE
"RE1-SS","OC-SVM","RE1-SS_orders_cpu_5","cpu",3,0,FALSE
"RE1-SS","PCA","RE1-SS_orders_delay_1","delay",1,0.007,FALSE
"RE1-SS","PCA","RE1-SS_orders_delay_1","delay",2,0.963,TRUE
"RE1-SS","PCA","RE1-SS_orders_delay_1","delay",3,1,TRUE
"RE1-SS","Isolation Forest","RE1-SS_orders_delay_1","delay",1,0.007,FALSE
"RE1-SS","Isolation Forest","RE1-SS_orders_delay_1","delay",2,0.793,TRUE
"RE1-SS","Isolation Forest","RE1-SS_orders_delay_1","delay",3,0.541,TRUE
"RE1-SS","OC-SVM","RE1-SS_orders_delay_1","delay",1,0,FALSE
"RE1-SS","OC-SVM","RE1-SS_orders_delay_1","delay",2,0,FALSE
"RE1-SS","OC-SVM","RE1-SS_orders_delay_1","delay",3,0,FALSE
"RE1-SS","PCA","RE1-SS_orders_delay_2","delay",1,0.007,FALSE
"RE1-SS","PCA","RE1-SS_orders_delay_2","delay",2,0.953,TRUE
"RE1-SS","PCA","RE1-SS_orders_delay_2","delay",3,1,TRUE
"RE1-SS","Isolation Forest","RE1-SS_orders_delay_2","delay",1,0.013,FALSE
"RE1-SS","Isolation Forest","RE1-SS_orders_delay_2","delay",2,0.527,TRUE
"RE1-SS","Isolation Forest","RE1-SS_orders_delay_2","delay",3,0.656,TRUE
"RE1-SS","OC-SVM","RE1-SS_orders_delay_2","delay",1,0,FALSE
"RE1-SS","OC-SVM","RE1-SS_orders_delay_2","delay",2,0,FALSE
"RE1-SS","OC-SVM","RE1-SS_orders_delay_2","delay",3,0,FALSE
"RE1-SS","PCA","RE1-SS_orders_delay_3","delay",1,0.007,FALSE
"RE1-SS","PCA","RE1-SS_orders_delay_3","delay",2,1,TRUE
"RE1-SS","PCA","RE1-SS_orders_delay_3","delay",3,1,TRUE
"RE1-SS","Isolation Forest","RE1-SS_orders_delay_3","delay",1,0.01,FALSE
"RE1-SS","Isolation Forest","RE1-SS_orders_delay_3","delay",2,0.41,TRUE
"RE1-SS","Isolation Forest","RE1-SS_orders_delay_3","delay",3,0.328,TRUE
"RE1-SS","OC-SVM","RE1-SS_orders_delay_3","delay",1,0.007,FALSE
"RE1-SS","OC-SVM","RE1-SS_orders_delay_3","delay",2,1,TRUE
"RE1-SS","OC-SVM","RE1-SS_orders_delay_3","delay",3,1,TRUE
"RE1-SS","PCA","RE1-SS_orders_delay_4","delay",1,0.007,FALSE
"RE1-SS","PCA","RE1-SS_orders_delay_4","delay",2,1,TRUE
"RE1-SS","PCA","RE1-SS_orders_delay_4","delay",3,1,TRUE
"RE1-SS","Isolation Forest","RE1-SS_orders_delay_4","delay",1,0.017,FALSE
"RE1-SS","Isolation Forest","RE1-SS_orders_delay_4","delay",2,0.957,TRUE
"RE1-SS","Isolation Forest","RE1-SS_orders_delay_4","delay",3,1,TRUE
"RE1-SS","OC-SVM","RE1-SS_orders_delay_4","delay",1,0,FALSE
"RE1-SS","OC-SVM","RE1-SS_orders_delay_4","delay",2,0,FALSE
"RE1-SS","OC-SVM","RE1-SS_orders_delay_4","delay",3,0,FALSE
"RE1-SS","PCA","RE1-SS_orders_delay_5","delay",1,0.007,FALSE
"RE1-SS","PCA","RE1-SS_orders_delay_5","delay",2,1,TRUE
"RE1-SS","PCA","RE1-SS_orders_delay_5","delay",3,1,TRUE
"RE1-SS","Isolation Forest","RE1-SS_orders_delay_5","delay",1,0.007,FALSE
"RE1-SS","Isolation Forest","RE1-SS_orders_delay_5","delay",2,0.847,TRUE
"RE1-SS","Isolation Forest","RE1-SS_orders_delay_5","delay",3,0.738,TRUE
"RE1-SS","OC-SVM","RE1-SS_orders_delay_5","delay",1,0,FALSE
"RE1-SS","OC-SVM","RE1-SS_orders_delay_5","delay",2,0,FALSE
"RE1-SS","OC-SVM","RE1-SS_orders_delay_5","delay",3,0,FALSE
"RE1-SS","PCA","RE1-SS_orders_disk_1","disk",1,0.007,FALSE
"RE1-SS","PCA","RE1-SS_orders_disk_1","disk",2,0.96,TRUE
"RE1-SS","PCA","RE1-SS_orders_disk_1","disk",3,1,TRUE
"RE1-SS","Isolation Forest","RE1-SS_orders_disk_1","disk",1,0.01,FALSE
"RE1-SS","Isolation Forest","RE1-SS_orders_disk_1","disk",2,0.407,TRUE
"RE1-SS","Isolation Forest","RE1-SS_orders_disk_1","disk",3,0.803,TRUE
"RE1-SS","OC-SVM","RE1-SS_orders_disk_1","disk",1,0,FALSE
"RE1-SS","OC-SVM","RE1-SS_orders_disk_1","disk",2,0,FALSE
"RE1-SS","OC-SVM","RE1-SS_orders_disk_1","disk",3,0,FALSE
"RE1-SS","PCA","RE1-SS_orders_disk_2","disk",1,0.007,FALSE
"RE1-SS","PCA","RE1-SS_orders_disk_2","disk",2,0,FALSE
"RE1-SS","PCA","RE1-SS_orders_disk_2","disk",3,0,FALSE
"RE1-SS","Isolation Forest","RE1-SS_orders_disk_2","disk",1,0.007,FALSE
"RE1-SS","Isolation Forest","RE1-SS_orders_disk_2","disk",2,0.233,TRUE
"RE1-SS","Isolation Forest","RE1-SS_orders_disk_2","disk",3,0.344,TRUE
"RE1-SS","OC-SVM","RE1-SS_orders_disk_2","disk",1,0,FALSE
"RE1-SS","OC-SVM","RE1-SS_orders_disk_2","disk",2,0,FALSE
"RE1-SS","OC-SVM","RE1-SS_orders_disk_2","disk",3,0,FALSE
"RE1-SS","PCA","RE1-SS_orders_disk_3","disk",1,0.007,FALSE
"RE1-SS","PCA","RE1-SS_orders_disk_3","disk",2,0.993,TRUE
"RE1-SS","PCA","RE1-SS_orders_disk_3","disk",3,1,TRUE
"RE1-SS","Isolation Forest","RE1-SS_orders_disk_3","disk",1,0.007,FALSE
"RE1-SS","Isolation Forest","RE1-SS_orders_disk_3","disk",2,0.113,TRUE
"RE1-SS","Isolation Forest","RE1-SS_orders_disk_3","disk",3,0.197,TRUE
"RE1-SS","OC-SVM","RE1-SS_orders_disk_3","disk",1,0.007,FALSE
"RE1-SS","OC-SVM","RE1-SS_orders_disk_3","disk",2,0.993,TRUE
"RE1-SS","OC-SVM","RE1-SS_orders_disk_3","disk",3,1,TRUE
"RE1-SS","PCA","RE1-SS_orders_disk_4","disk",1,0.007,FALSE
"RE1-SS","PCA","RE1-SS_orders_disk_4","disk",2,0.973,TRUE
"RE1-SS","PCA","RE1-SS_orders_disk_4","disk",3,1,TRUE
"RE1-SS","Isolation Forest","RE1-SS_orders_disk_4","disk",1,0.007,FALSE
"RE1-SS","Isolation Forest","RE1-SS_orders_disk_4","disk",2,0.027,FALSE
"RE1-SS","Isolation Forest","RE1-SS_orders_disk_4","disk",3,0,FALSE
"RE1-SS","OC-SVM","RE1-SS_orders_disk_4","disk",1,0,FALSE
"RE1-SS","OC-SVM","RE1-SS_orders_disk_4","disk",2,0,FALSE
"RE1-SS","OC-SVM","RE1-SS_orders_disk_4","disk",3,0,FALSE
"RE1-SS","PCA","RE1-SS_orders_disk_5","disk",1,0.007,FALSE
"RE1-SS","PCA","RE1-SS_orders_disk_5","disk",2,0.99,TRUE
"RE1-SS","PCA","RE1-SS_orders_disk_5","disk",3,1,TRUE
"RE1-SS","Isolation Forest","RE1-SS_orders_disk_5","disk",1,0.007,FALSE
"RE1-SS","Isolation Forest","RE1-SS_orders_disk_5","disk",2,0.327,TRUE
"RE1-SS","Isolation Forest","RE1-SS_orders_disk_5","disk",3,0.361,TRUE
"RE1-SS","OC-SVM","RE1-SS_orders_disk_5","disk",1,0,FALSE
"RE1-SS","OC-SVM","RE1-SS_orders_disk_5","disk",2,0,FALSE
"RE1-SS","OC-SVM","RE1-SS_orders_disk_5","disk",3,0,FALSE
"RE1-SS","PCA","RE1-SS_orders_mem_1","mem",1,0.007,FALSE
"RE1-SS","PCA","RE1-SS_orders_mem_1","mem",2,0.583,TRUE
"RE1-SS","PCA","RE1-SS_orders_mem_1","mem",3,1,TRUE
"RE1-SS","Isolation Forest","RE1-SS_orders_mem_1","mem",1,0.007,FALSE
"RE1-SS","Isolation Forest","RE1-SS_orders_mem_1","mem",2,0.817,TRUE
"RE1-SS","Isolation Forest","RE1-SS_orders_mem_1","mem",3,1,TRUE
"RE1-SS","OC-SVM","RE1-SS_orders_mem_1","mem",1,0,FALSE
"RE1-SS","OC-SVM","RE1-SS_orders_mem_1","mem",2,0,FALSE
"RE1-SS","OC-SVM","RE1-SS_orders_mem_1","mem",3,0,FALSE
"RE1-SS","PCA","RE1-SS_orders_mem_2","mem",1,0.007,FALSE
"RE1-SS","PCA","RE1-SS_orders_mem_2","mem",2,0.74,TRUE
"RE1-SS","PCA","RE1-SS_orders_mem_2","mem",3,1,TRUE
"RE1-SS","Isolation Forest","RE1-SS_orders_mem_2","mem",1,0.007,FALSE
"RE1-SS","Isolation Forest","RE1-SS_orders_mem_2","mem",2,0.877,TRUE
"RE1-SS","Isolation Forest","RE1-SS_orders_mem_2","mem",3,0.967,TRUE
"RE1-SS","OC-SVM","RE1-SS_orders_mem_2","mem",1,0,FALSE
"RE1-SS","OC-SVM","RE1-SS_orders_mem_2","mem",2,0,FALSE
"RE1-SS","OC-SVM","RE1-SS_orders_mem_2","mem",3,0,FALSE
"RE1-SS","PCA","RE1-SS_orders_mem_3","mem",1,0.007,FALSE
"RE1-SS","PCA","RE1-SS_orders_mem_3","mem",2,0.85,TRUE
"RE1-SS","PCA","RE1-SS_orders_mem_3","mem",3,1,TRUE
"RE1-SS","Isolation Forest","RE1-SS_orders_mem_3","mem",1,0.007,FALSE
"RE1-SS","Isolation Forest","RE1-SS_orders_mem_3","mem",2,0.813,TRUE
"RE1-SS","Isolation Forest","RE1-SS_orders_mem_3","mem",3,0.82,TRUE
"RE1-SS","OC-SVM","RE1-SS_orders_mem_3","mem",1,0,FALSE
"RE1-SS","OC-SVM","RE1-SS_orders_mem_3","mem",2,0,FALSE
"RE1-SS","OC-SVM","RE1-SS_orders_mem_3","mem",3,0,FALSE
"RE1-SS","PCA","RE1-SS_orders_mem_4","mem",1,0.007,FALSE
"RE1-SS","PCA","RE1-SS_orders_mem_4","mem",2,0.643,TRUE
"RE1-SS","PCA","RE1-SS_orders_mem_4","mem",3,0.672,TRUE
"RE1-SS","Isolation Forest","RE1-SS_orders_mem_4","mem",1,0.007,FALSE
"RE1-SS","Isolation Forest","RE1-SS_orders_mem_4","mem",2,0.713,TRUE
"RE1-SS","Isolation Forest","RE1-SS_orders_mem_4","mem",3,0.705,TRUE
"RE1-SS","OC-SVM","RE1-SS_orders_mem_4","mem",1,0,FALSE
"RE1-SS","OC-SVM","RE1-SS_orders_mem_4","mem",2,0,FALSE
"RE1-SS","OC-SVM","RE1-SS_orders_mem_4","mem",3,0,FALSE
"RE1-SS","PCA","RE1-SS_orders_mem_5","mem",1,0.007,FALSE
"RE1-SS","PCA","RE1-SS_orders_mem_5","mem",2,0.953,TRUE
"RE1-SS","PCA","RE1-SS_orders_mem_5","mem",3,1,TRUE
"RE1-SS","Isolation Forest","RE1-SS_orders_mem_5","mem",1,0.007,FALSE
"RE1-SS","Isolation Forest","RE1-SS_orders_mem_5","mem",2,0.44,TRUE
"RE1-SS","Isolation Forest","RE1-SS_orders_mem_5","mem",3,0.623,TRUE
"RE1-SS","OC-SVM","RE1-SS_orders_mem_5","mem",1,0,FALSE
"RE1-SS","OC-SVM","RE1-SS_orders_mem_5","mem",2,0,FALSE
"RE1-SS","OC-SVM","RE1-SS_orders_mem_5","mem",3,0,FALSE
"RE1-SS","PCA","RE1-SS_payment_cpu_1","cpu",1,0.007,FALSE
"RE1-SS","PCA","RE1-SS_payment_cpu_1","cpu",2,0.97,TRUE
"RE1-SS","PCA","RE1-SS_payment_cpu_1","cpu",3,1,TRUE
"RE1-SS","Isolation Forest","RE1-SS_payment_cpu_1","cpu",1,0.007,FALSE
"RE1-SS","Isolation Forest","RE1-SS_payment_cpu_1","cpu",2,0.14,TRUE
"RE1-SS","Isolation Forest","RE1-SS_payment_cpu_1","cpu",3,0.18,TRUE
"RE1-SS","OC-SVM","RE1-SS_payment_cpu_1","cpu",1,0,FALSE
"RE1-SS","OC-SVM","RE1-SS_payment_cpu_1","cpu",2,0,FALSE
"RE1-SS","OC-SVM","RE1-SS_payment_cpu_1","cpu",3,0,FALSE
"RE1-SS","PCA","RE1-SS_payment_cpu_2","cpu",1,0.007,FALSE
"RE1-SS","PCA","RE1-SS_payment_cpu_2","cpu",2,0.97,TRUE
"RE1-SS","PCA","RE1-SS_payment_cpu_2","cpu",3,1,TRUE
"RE1-SS","Isolation Forest","RE1-SS_payment_cpu_2","cpu",1,0.007,FALSE
"RE1-SS","Isolation Forest","RE1-SS_payment_cpu_2","cpu",2,0.043,FALSE
"RE1-SS","Isolation Forest","RE1-SS_payment_cpu_2","cpu",3,0.016,FALSE
"RE1-SS","OC-SVM","RE1-SS_payment_cpu_2","cpu",1,0,FALSE
"RE1-SS","OC-SVM","RE1-SS_payment_cpu_2","cpu",2,0,FALSE
"RE1-SS","OC-SVM","RE1-SS_payment_cpu_2","cpu",3,0,FALSE
"RE1-SS","PCA","RE1-SS_payment_cpu_3","cpu",1,0.007,FALSE
"RE1-SS","PCA","RE1-SS_payment_cpu_3","cpu",2,0.987,TRUE
"RE1-SS","PCA","RE1-SS_payment_cpu_3","cpu",3,1,TRUE
"RE1-SS","Isolation Forest","RE1-SS_payment_cpu_3","cpu",1,0.007,FALSE
"RE1-SS","Isolation Forest","RE1-SS_payment_cpu_3","cpu",2,0.573,TRUE
"RE1-SS","Isolation Forest","RE1-SS_payment_cpu_3","cpu",3,0.328,TRUE
"RE1-SS","OC-SVM","RE1-SS_payment_cpu_3","cpu",1,0,FALSE
"RE1-SS","OC-SVM","RE1-SS_payment_cpu_3","cpu",2,0,FALSE
"RE1-SS","OC-SVM","RE1-SS_payment_cpu_3","cpu",3,0,FALSE
"RE1-SS","PCA","RE1-SS_payment_cpu_4","cpu",1,0.007,FALSE
"RE1-SS","PCA","RE1-SS_payment_cpu_4","cpu",2,0.95,TRUE
"RE1-SS","PCA","RE1-SS_payment_cpu_4","cpu",3,1,TRUE
"RE1-SS","Isolation Forest","RE1-SS_payment_cpu_4","cpu",1,0.007,FALSE
"RE1-SS","Isolation Forest","RE1-SS_payment_cpu_4","cpu",2,0.627,TRUE
"RE1-SS","Isolation Forest","RE1-SS_payment_cpu_4","cpu",3,0.754,TRUE
"RE1-SS","OC-SVM","RE1-SS_payment_cpu_4","cpu",1,0,FALSE
"RE1-SS","OC-SVM","RE1-SS_payment_cpu_4","cpu",2,0,FALSE
"RE1-SS","OC-SVM","RE1-SS_payment_cpu_4","cpu",3,0,FALSE
"RE1-SS","PCA","RE1-SS_payment_cpu_5","cpu",1,0.007,FALSE
"RE1-SS","PCA","RE1-SS_payment_cpu_5","cpu",2,0,FALSE
"RE1-SS","PCA","RE1-SS_payment_cpu_5","cpu",3,0,FALSE
"RE1-SS","Isolation Forest","RE1-SS_payment_cpu_5","cpu",1,0.007,FALSE
"RE1-SS","Isolation Forest","RE1-SS_payment_cpu_5","cpu",2,0.053,FALSE
"RE1-SS","Isolation Forest","RE1-SS_payment_cpu_5","cpu",3,0,FALSE
"RE1-SS","OC-SVM","RE1-SS_payment_cpu_5","cpu",1,0,FALSE
"RE1-SS","OC-SVM","RE1-SS_payment_cpu_5","cpu",2,0,FALSE
"RE1-SS","OC-SVM","RE1-SS_payment_cpu_5","cpu",3,0,FALSE
"RE1-SS","PCA","RE1-SS_payment_delay_1","delay",1,0.007,FALSE
"RE1-SS","PCA","RE1-SS_payment_delay_1","delay",2,0.967,TRUE
"RE1-SS","PCA","RE1-SS_payment_delay_1","delay",3,1,TRUE
"RE1-SS","Isolation Forest","RE1-SS_payment_delay_1","delay",1,0.007,FALSE
"RE1-SS","Isolation Forest","RE1-SS_payment_delay_1","delay",2,0.183,TRUE
"RE1-SS","Isolation Forest","RE1-SS_payment_delay_1","delay",3,0.557,TRUE
"RE1-SS","OC-SVM","RE1-SS_payment_delay_1","delay",1,0,FALSE
"RE1-SS","OC-SVM","RE1-SS_payment_delay_1","delay",2,0,FALSE
"RE1-SS","OC-SVM","RE1-SS_payment_delay_1","delay",3,0,FALSE
"RE1-SS","PCA","RE1-SS_payment_delay_2","delay",1,0.007,FALSE
"RE1-SS","PCA","RE1-SS_payment_delay_2","delay",2,0.767,TRUE
"RE1-SS","PCA","RE1-SS_payment_delay_2","delay",3,0.836,TRUE
"RE1-SS","Isolation Forest","RE1-SS_payment_delay_2","delay",1,0.007,FALSE
"RE1-SS","Isolation Forest","RE1-SS_payment_delay_2","delay",2,0.24,TRUE
"RE1-SS","Isolation Forest","RE1-SS_payment_delay_2","delay",3,0.525,TRUE
"RE1-SS","OC-SVM","RE1-SS_payment_delay_2","delay",1,0,FALSE
"RE1-SS","OC-SVM","RE1-SS_payment_delay_2","delay",2,0,FALSE
"RE1-SS","OC-SVM","RE1-SS_payment_delay_2","delay",3,0,FALSE
"RE1-SS","PCA","RE1-SS_payment_delay_3","delay",1,0.007,FALSE
"RE1-SS","PCA","RE1-SS_payment_delay_3","delay",2,0.97,TRUE
"RE1-SS","PCA","RE1-SS_payment_delay_3","delay",3,1,TRUE
"RE1-SS","Isolation Forest","RE1-SS_payment_delay_3","delay",1,0.007,FALSE
"RE1-SS","Isolation Forest","RE1-SS_payment_delay_3","delay",2,0.333,TRUE
"RE1-SS","Isolation Forest","RE1-SS_payment_delay_3","delay",3,0.197,TRUE
"RE1-SS","OC-SVM","RE1-SS_payment_delay_3","delay",1,0.007,FALSE
"RE1-SS","OC-SVM","RE1-SS_payment_delay_3","delay",2,0.97,TRUE
"RE1-SS","OC-SVM","RE1-SS_payment_delay_3","delay",3,1,TRUE
"RE1-SS","PCA","RE1-SS_payment_delay_4","delay",1,0.007,FALSE
"RE1-SS","PCA","RE1-SS_payment_delay_4","delay",2,0.63,TRUE
"RE1-SS","PCA","RE1-SS_payment_delay_4","delay",3,1,TRUE
"RE1-SS","Isolation Forest","RE1-SS_payment_delay_4","delay",1,0.007,FALSE
"RE1-SS","Isolation Forest","RE1-SS_payment_delay_4","delay",2,0.183,TRUE
"RE1-SS","Isolation Forest","RE1-SS_payment_delay_4","delay",3,0.279,TRUE
"RE1-SS","OC-SVM","RE1-SS_payment_delay_4","delay",1,0,FALSE
"RE1-SS","OC-SVM","RE1-SS_payment_delay_4","delay",2,0,FALSE
"RE1-SS","OC-SVM","RE1-SS_payment_delay_4","delay",3,0,FALSE
"RE1-SS","PCA","RE1-SS_payment_delay_5","delay",1,0.007,FALSE
"RE1-SS","PCA","RE1-SS_payment_delay_5","delay",2,0,FALSE
"RE1-SS","PCA","RE1-SS_payment_delay_5","delay",3,0,FALSE
"RE1-SS","Isolation Forest","RE1-SS_payment_delay_5","delay",1,0.007,FALSE
"RE1-SS","Isolation Forest","RE1-SS_payment_delay_5","delay",2,0.527,TRUE
"RE1-SS","Isolation Forest","RE1-SS_payment_delay_5","delay",3,0.574,TRUE
"RE1-SS","OC-SVM","RE1-SS_payment_delay_5","delay",1,0,FALSE
"RE1-SS","OC-SVM","RE1-SS_payment_delay_5","delay",2,0,FALSE
"RE1-SS","OC-SVM","RE1-SS_payment_delay_5","delay",3,0,FALSE
"RE1-SS","PCA","RE1-SS_payment_disk_1","disk",1,0.007,FALSE
"RE1-SS","PCA","RE1-SS_payment_disk_1","disk",2,0.987,TRUE
"RE1-SS","PCA","RE1-SS_payment_disk_1","disk",3,1,TRUE
"RE1-SS","Isolation Forest","RE1-SS_payment_disk_1","disk",1,0.007,FALSE
"RE1-SS","Isolation Forest","RE1-SS_payment_disk_1","disk",2,0.207,TRUE
"RE1-SS","Isolation Forest","RE1-SS_payment_disk_1","disk",3,0.016,FALSE
"RE1-SS","OC-SVM","RE1-SS_payment_disk_1","disk",1,0,FALSE
"RE1-SS","OC-SVM","RE1-SS_payment_disk_1","disk",2,0,FALSE
"RE1-SS","OC-SVM","RE1-SS_payment_disk_1","disk",3,0,FALSE
"RE1-SS","PCA","RE1-SS_payment_disk_2","disk",1,0.007,FALSE
"RE1-SS","PCA","RE1-SS_payment_disk_2","disk",2,0.997,TRUE
"RE1-SS","PCA","RE1-SS_payment_disk_2","disk",3,1,TRUE
"RE1-SS","Isolation Forest","RE1-SS_payment_disk_2","disk",1,0.007,FALSE
"RE1-SS","Isolation Forest","RE1-SS_payment_disk_2","disk",2,0.733,TRUE
"RE1-SS","Isolation Forest","RE1-SS_payment_disk_2","disk",3,0.754,TRUE
"RE1-SS","OC-SVM","RE1-SS_payment_disk_2","disk",1,0,FALSE
"RE1-SS","OC-SVM","RE1-SS_payment_disk_2","disk",2,0,FALSE
"RE1-SS","OC-SVM","RE1-SS_payment_disk_2","disk",3,0,FALSE
"RE1-SS","PCA","RE1-SS_payment_disk_3","disk",1,0.007,FALSE
"RE1-SS","PCA","RE1-SS_payment_disk_3","disk",2,0.783,TRUE
"RE1-SS","PCA","RE1-SS_payment_disk_3","disk",3,0.852,TRUE
"RE1-SS","Isolation Forest","RE1-SS_payment_disk_3","disk",1,0.007,FALSE
"RE1-SS","Isolation Forest","RE1-SS_payment_disk_3","disk",2,0.677,TRUE
"RE1-SS","Isolation Forest","RE1-SS_payment_disk_3","disk",3,1,TRUE
"RE1-SS","OC-SVM","RE1-SS_payment_disk_3","disk",1,0,FALSE
"RE1-SS","OC-SVM","RE1-SS_payment_disk_3","disk",2,0,FALSE
"RE1-SS","OC-SVM","RE1-SS_payment_disk_3","disk",3,0,FALSE
"RE1-SS","PCA","RE1-SS_payment_disk_4","disk",1,0.007,FALSE
"RE1-SS","PCA","RE1-SS_payment_disk_4","disk",2,0.997,TRUE
"RE1-SS","PCA","RE1-SS_payment_disk_4","disk",3,1,TRUE
"RE1-SS","Isolation Forest","RE1-SS_payment_disk_4","disk",1,0.007,FALSE
"RE1-SS","Isolation Forest","RE1-SS_payment_disk_4","disk",2,0.04,FALSE
"RE1-SS","Isolation Forest","RE1-SS_payment_disk_4","disk",3,0,FALSE
"RE1-SS","OC-SVM","RE1-SS_payment_disk_4","disk",1,0,FALSE
"RE1-SS","OC-SVM","RE1-SS_payment_disk_4","disk",2,0,FALSE
"RE1-SS","OC-SVM","RE1-SS_payment_disk_4","disk",3,0,FALSE
"RE1-SS","PCA","RE1-SS_payment_disk_5","disk",1,0.007,FALSE
"RE1-SS","PCA","RE1-SS_payment_disk_5","disk",2,0.11,TRUE
"RE1-SS","PCA","RE1-SS_payment_disk_5","disk",3,0,FALSE
"RE1-SS","Isolation Forest","RE1-SS_payment_disk_5","disk",1,0.01,FALSE
"RE1-SS","Isolation Forest","RE1-SS_payment_disk_5","disk",2,0.223,TRUE
"RE1-SS","Isolation Forest","RE1-SS_payment_disk_5","disk",3,0.279,TRUE
"RE1-SS","OC-SVM","RE1-SS_payment_disk_5","disk",1,0,FALSE
"RE1-SS","OC-SVM","RE1-SS_payment_disk_5","disk",2,0,FALSE
"RE1-SS","OC-SVM","RE1-SS_payment_disk_5","disk",3,0,FALSE
"RE1-SS","PCA","RE1-SS_payment_mem_1","mem",1,0.007,FALSE
"RE1-SS","PCA","RE1-SS_payment_mem_1","mem",2,0.957,TRUE
"RE1-SS","PCA","RE1-SS_payment_mem_1","mem",3,1,TRUE
"RE1-SS","Isolation Forest","RE1-SS_payment_mem_1","mem",1,0.007,FALSE
"RE1-SS","Isolation Forest","RE1-SS_payment_mem_1","mem",2,0.953,TRUE
"RE1-SS","Isolation Forest","RE1-SS_payment_mem_1","mem",3,1,TRUE
"RE1-SS","OC-SVM","RE1-SS_payment_mem_1","mem",1,0,FALSE
"RE1-SS","OC-SVM","RE1-SS_payment_mem_1","mem",2,0,FALSE
"RE1-SS","OC-SVM","RE1-SS_payment_mem_1","mem",3,0,FALSE
"RE1-SS","PCA","RE1-SS_payment_mem_2","mem",1,0.007,FALSE
"RE1-SS","PCA","RE1-SS_payment_mem_2","mem",2,0.98,TRUE
"RE1-SS","PCA","RE1-SS_payment_mem_2","mem",3,1,TRUE
"RE1-SS","Isolation Forest","RE1-SS_payment_mem_2","mem",1,0.007,FALSE
"RE1-SS","Isolation Forest","RE1-SS_payment_mem_2","mem",2,0.757,TRUE
"RE1-SS","Isolation Forest","RE1-SS_payment_mem_2","mem",3,1,TRUE
"RE1-SS","OC-SVM","RE1-SS_payment_mem_2","mem",1,0,FALSE
"RE1-SS","OC-SVM","RE1-SS_payment_mem_2","mem",2,0,FALSE
"RE1-SS","OC-SVM","RE1-SS_payment_mem_2","mem",3,0,FALSE
"RE1-SS","PCA","RE1-SS_payment_mem_3","mem",1,0.007,FALSE
"RE1-SS","PCA","RE1-SS_payment_mem_3","mem",2,1,TRUE
"RE1-SS","PCA","RE1-SS_payment_mem_3","mem",3,1,TRUE
"RE1-SS","Isolation Forest","RE1-SS_payment_mem_3","mem",1,0.007,FALSE
"RE1-SS","Isolation Forest","RE1-SS_payment_mem_3","mem",2,0.953,TRUE
"RE1-SS","Isolation Forest","RE1-SS_payment_mem_3","mem",3,1,TRUE
"RE1-SS","OC-SVM","RE1-SS_payment_mem_3","mem",1,0,FALSE
"RE1-SS","OC-SVM","RE1-SS_payment_mem_3","mem",2,0,FALSE
"RE1-SS","OC-SVM","RE1-SS_payment_mem_3","mem",3,0,FALSE
"RE1-SS","PCA","RE1-SS_payment_mem_4","mem",1,0.007,FALSE
"RE1-SS","PCA","RE1-SS_payment_mem_4","mem",2,0.987,TRUE
"RE1-SS","PCA","RE1-SS_payment_mem_4","mem",3,1,TRUE
"RE1-SS","Isolation Forest","RE1-SS_payment_mem_4","mem",1,0.007,FALSE
"RE1-SS","Isolation Forest","RE1-SS_payment_mem_4","mem",2,0.817,TRUE
"RE1-SS","Isolation Forest","RE1-SS_payment_mem_4","mem",3,0.869,TRUE
"RE1-SS","OC-SVM","RE1-SS_payment_mem_4","mem",1,0,FALSE
"RE1-SS","OC-SVM","RE1-SS_payment_mem_4","mem",2,0,FALSE
"RE1-SS","OC-SVM","RE1-SS_payment_mem_4","mem",3,0,FALSE
"RE1-SS","PCA","RE1-SS_payment_mem_5","mem",1,0.007,FALSE
"RE1-SS","PCA","RE1-SS_payment_mem_5","mem",2,0.983,TRUE
"RE1-SS","PCA","RE1-SS_payment_mem_5","mem",3,1,TRUE
"RE1-SS","Isolation Forest","RE1-SS_payment_mem_5","mem",1,0.007,FALSE
"RE1-SS","Isolation Forest","RE1-SS_payment_mem_5","mem",2,0.967,TRUE
"RE1-SS","Isolation Forest","RE1-SS_payment_mem_5","mem",3,1,TRUE
"RE1-SS","OC-SVM","RE1-SS_payment_mem_5","mem",1,0,FALSE
"RE1-SS","OC-SVM","RE1-SS_payment_mem_5","mem",2,0,FALSE
"RE1-SS","OC-SVM","RE1-SS_payment_mem_5","mem",3,0,FALSE
"RE1-SS","PCA","RE1-SS_user_cpu_1","cpu",1,0.007,FALSE
"RE1-SS","PCA","RE1-SS_user_cpu_1","cpu",2,0.973,TRUE
"RE1-SS","PCA","RE1-SS_user_cpu_1","cpu",3,1,TRUE
"RE1-SS","Isolation Forest","RE1-SS_user_cpu_1","cpu",1,0.01,FALSE
"RE1-SS","Isolation Forest","RE1-SS_user_cpu_1","cpu",2,0.67,TRUE
"RE1-SS","Isolation Forest","RE1-SS_user_cpu_1","cpu",3,0.836,TRUE
"RE1-SS","OC-SVM","RE1-SS_user_cpu_1","cpu",1,0,FALSE
"RE1-SS","OC-SVM","RE1-SS_user_cpu_1","cpu",2,0,FALSE
"RE1-SS","OC-SVM","RE1-SS_user_cpu_1","cpu",3,0,FALSE
"RE1-SS","PCA","RE1-SS_user_cpu_2","cpu",1,0.007,FALSE
"RE1-SS","PCA","RE1-SS_user_cpu_2","cpu",2,0.79,TRUE
"RE1-SS","PCA","RE1-SS_user_cpu_2","cpu",3,1,TRUE
"RE1-SS","Isolation Forest","RE1-SS_user_cpu_2","cpu",1,0.007,FALSE
"RE1-SS","Isolation Forest","RE1-SS_user_cpu_2","cpu",2,0.163,TRUE
"RE1-SS","Isolation Forest","RE1-SS_user_cpu_2","cpu",3,0.246,TRUE
"RE1-SS","OC-SVM","RE1-SS_user_cpu_2","cpu",1,0,FALSE
"RE1-SS","OC-SVM","RE1-SS_user_cpu_2","cpu",2,0,FALSE
"RE1-SS","OC-SVM","RE1-SS_user_cpu_2","cpu",3,0,FALSE
"RE1-SS","PCA","RE1-SS_user_cpu_3","cpu",1,0.007,FALSE
"RE1-SS","PCA","RE1-SS_user_cpu_3","cpu",2,0.973,TRUE
"RE1-SS","PCA","RE1-SS_user_cpu_3","cpu",3,1,TRUE
"RE1-SS","Isolation Forest","RE1-SS_user_cpu_3","cpu",1,0.007,FALSE
"RE1-SS","Isolation Forest","RE1-SS_user_cpu_3","cpu",2,0.16,TRUE
"RE1-SS","Isolation Forest","RE1-SS_user_cpu_3","cpu",3,0.148,TRUE
"RE1-SS","OC-SVM","RE1-SS_user_cpu_3","cpu",1,0,FALSE
"RE1-SS","OC-SVM","RE1-SS_user_cpu_3","cpu",2,0,FALSE
"RE1-SS","OC-SVM","RE1-SS_user_cpu_3","cpu",3,0,FALSE
"RE1-SS","PCA","RE1-SS_user_cpu_4","cpu",1,0.007,FALSE
"RE1-SS","PCA","RE1-SS_user_cpu_4","cpu",2,0.977,TRUE
"RE1-SS","PCA","RE1-SS_user_cpu_4","cpu",3,1,TRUE
"RE1-SS","Isolation Forest","RE1-SS_user_cpu_4","cpu",1,0.007,FALSE
"RE1-SS","Isolation Forest","RE1-SS_user_cpu_4","cpu",2,0.65,TRUE
"RE1-SS","Isolation Forest","RE1-SS_user_cpu_4","cpu",3,0.721,TRUE
"RE1-SS","OC-SVM","RE1-SS_user_cpu_4","cpu",1,0.007,FALSE
"RE1-SS","OC-SVM","RE1-SS_user_cpu_4","cpu",2,0.977,TRUE
"RE1-SS","OC-SVM","RE1-SS_user_cpu_4","cpu",3,1,TRUE
"RE1-SS","PCA","RE1-SS_user_cpu_5","cpu",1,0.007,FALSE
"RE1-SS","PCA","RE1-SS_user_cpu_5","cpu",2,0.97,TRUE
"RE1-SS","PCA","RE1-SS_user_cpu_5","cpu",3,1,TRUE
"RE1-SS","Isolation Forest","RE1-SS_user_cpu_5","cpu",1,0.007,FALSE
"RE1-SS","Isolation Forest","RE1-SS_user_cpu_5","cpu",2,0.197,TRUE
"RE1-SS","Isolation Forest","RE1-SS_user_cpu_5","cpu",3,0.197,TRUE
"RE1-SS","OC-SVM","RE1-SS_user_cpu_5","cpu",1,0,FALSE
"RE1-SS","OC-SVM","RE1-SS_user_cpu_5","cpu",2,0,FALSE
"RE1-SS","OC-SVM","RE1-SS_user_cpu_5","cpu",3,0,FALSE
"RE1-SS","PCA","RE1-SS_user_delay_1","delay",1,0.007,FALSE
"RE1-SS","PCA","RE1-SS_user_delay_1","delay",2,1,TRUE
"RE1-SS","PCA","RE1-SS_user_delay_1","delay",3,1,TRUE
"RE1-SS","Isolation Forest","RE1-SS_user_delay_1","delay",1,0.007,FALSE
"RE1-SS","Isolation Forest","RE1-SS_user_delay_1","delay",2,0.947,TRUE
"RE1-SS","Isolation Forest","RE1-SS_user_delay_1","delay",3,1,TRUE
"RE1-SS","OC-SVM","RE1-SS_user_delay_1","delay",1,0,FALSE
"RE1-SS","OC-SVM","RE1-SS_user_delay_1","delay",2,0,FALSE
"RE1-SS","OC-SVM","RE1-SS_user_delay_1","delay",3,0,FALSE
"RE1-SS","PCA","RE1-SS_user_delay_2","delay",1,0.007,FALSE
"RE1-SS","PCA","RE1-SS_user_delay_2","delay",2,0.97,TRUE
"RE1-SS","PCA","RE1-SS_user_delay_2","delay",3,1,TRUE
"RE1-SS","Isolation Forest","RE1-SS_user_delay_2","delay",1,0.007,FALSE
"RE1-SS","Isolation Forest","RE1-SS_user_delay_2","delay",2,0.837,TRUE
"RE1-SS","Isolation Forest","RE1-SS_user_delay_2","delay",3,1,TRUE
"RE1-SS","OC-SVM","RE1-SS_user_delay_2","delay",1,0,FALSE
"RE1-SS","OC-SVM","RE1-SS_user_delay_2","delay",2,0,FALSE
"RE1-SS","OC-SVM","RE1-SS_user_delay_2","delay",3,0,FALSE
"RE1-SS","PCA","RE1-SS_user_delay_3","delay",1,0.007,FALSE
"RE1-SS","PCA","RE1-SS_user_delay_3","delay",2,0.967,TRUE
"RE1-SS","PCA","RE1-SS_user_delay_3","delay",3,1,TRUE
"RE1-SS","Isolation Forest","RE1-SS_user_delay_3","delay",1,0.01,FALSE
"RE1-SS","Isolation Forest","RE1-SS_user_delay_3","delay",2,0.963,TRUE
"RE1-SS","Isolation Forest","RE1-SS_user_delay_3","delay",3,1,TRUE
"RE1-SS","OC-SVM","RE1-SS_user_delay_3","delay",1,0,FALSE
"RE1-SS","OC-SVM","RE1-SS_user_delay_3","delay",2,0,FALSE
"RE1-SS","OC-SVM","RE1-SS_user_delay_3","delay",3,0,FALSE
"RE1-SS","PCA","RE1-SS_user_delay_4","delay",1,0.007,FALSE
"RE1-SS","PCA","RE1-SS_user_delay_4","delay",2,0.377,TRUE
"RE1-SS","PCA","RE1-SS_user_delay_4","delay",3,0,FALSE
"RE1-SS","Isolation Forest","RE1-SS_user_delay_4","delay",1,0.007,FALSE
"RE1-SS","Isolation Forest","RE1-SS_user_delay_4","delay",2,0.847,TRUE
"RE1-SS","Isolation Forest","RE1-SS_user_delay_4","delay",3,0.82,TRUE
"RE1-SS","OC-SVM","RE1-SS_user_delay_4","delay",1,0,FALSE
"RE1-SS","OC-SVM","RE1-SS_user_delay_4","delay",2,0,FALSE
"RE1-SS","OC-SVM","RE1-SS_user_delay_4","delay",3,0,FALSE
"RE1-SS","PCA","RE1-SS_user_delay_5","delay",1,0.007,FALSE
"RE1-SS","PCA","RE1-SS_user_delay_5","delay",2,0.853,TRUE
"RE1-SS","PCA","RE1-SS_user_delay_5","delay",3,1,TRUE
"RE1-SS","Isolation Forest","RE1-SS_user_delay_5","delay",1,0.007,FALSE
"RE1-SS","Isolation Forest","RE1-SS_user_delay_5","delay",2,0.67,TRUE
"RE1-SS","Isolation Forest","RE1-SS_user_delay_5","delay",3,0.721,TRUE
"RE1-SS","OC-SVM","RE1-SS_user_delay_5","delay",1,0,FALSE
"RE1-SS","OC-SVM","RE1-SS_user_delay_5","delay",2,0,FALSE
"RE1-SS","OC-SVM","RE1-SS_user_delay_5","delay",3,0,FALSE
"RE1-SS","PCA","RE1-SS_user_disk_1","disk",1,0.007,FALSE
"RE1-SS","PCA","RE1-SS_user_disk_1","disk",2,0.993,TRUE
"RE1-SS","PCA","RE1-SS_user_disk_1","disk",3,1,TRUE
"RE1-SS","Isolation Forest","RE1-SS_user_disk_1","disk",1,0.007,FALSE
"RE1-SS","Isolation Forest","RE1-SS_user_disk_1","disk",2,0.417,TRUE
"RE1-SS","Isolation Forest","RE1-SS_user_disk_1","disk",3,0.361,TRUE
"RE1-SS","OC-SVM","RE1-SS_user_disk_1","disk",1,0,FALSE
"RE1-SS","OC-SVM","RE1-SS_user_disk_1","disk",2,0,FALSE
"RE1-SS","OC-SVM","RE1-SS_user_disk_1","disk",3,0,FALSE
"RE1-SS","PCA","RE1-SS_user_disk_2","disk",1,0.007,FALSE
"RE1-SS","PCA","RE1-SS_user_disk_2","disk",2,0.79,TRUE
"RE1-SS","PCA","RE1-SS_user_disk_2","disk",3,1,TRUE
"RE1-SS","Isolation Forest","RE1-SS_user_disk_2","disk",1,0.007,FALSE
"RE1-SS","Isolation Forest","RE1-SS_user_disk_2","disk",2,0.043,FALSE
"RE1-SS","Isolation Forest","RE1-SS_user_disk_2","disk",3,0.066,FALSE
"RE1-SS","OC-SVM","RE1-SS_user_disk_2","disk",1,0,FALSE
"RE1-SS","OC-SVM","RE1-SS_user_disk_2","disk",2,0,FALSE
"RE1-SS","OC-SVM","RE1-SS_user_disk_2","disk",3,0,FALSE
"RE1-SS","PCA","RE1-SS_user_disk_3","disk",1,0.007,FALSE
"RE1-SS","PCA","RE1-SS_user_disk_3","disk",2,0.91,TRUE
"RE1-SS","PCA","RE1-SS_user_disk_3","disk",3,1,TRUE
"RE1-SS","Isolation Forest","RE1-SS_user_disk_3","disk",1,0.007,FALSE
"RE1-SS","Isolation Forest","RE1-SS_user_disk_3","disk",2,0.227,TRUE
"RE1-SS","Isolation Forest","RE1-SS_user_disk_3","disk",3,0.672,TRUE
"RE1-SS","OC-SVM","RE1-SS_user_disk_3","disk",1,0,FALSE
"RE1-SS","OC-SVM","RE1-SS_user_disk_3","disk",2,0,FALSE
"RE1-SS","OC-SVM","RE1-SS_user_disk_3","disk",3,0,FALSE
"RE1-SS","PCA","RE1-SS_user_disk_4","disk",1,0.007,FALSE
"RE1-SS","PCA","RE1-SS_user_disk_4","disk",2,0.153,TRUE
"RE1-SS","PCA","RE1-SS_user_disk_4","disk",3,1,TRUE
"RE1-SS","Isolation Forest","RE1-SS_user_disk_4","disk",1,0.01,FALSE
"RE1-SS","Isolation Forest","RE1-SS_user_disk_4","disk",2,0.187,TRUE
"RE1-SS","Isolation Forest","RE1-SS_user_disk_4","disk",3,0.197,TRUE
"RE1-SS","OC-SVM","RE1-SS_user_disk_4","disk",1,0,FALSE
"RE1-SS","OC-SVM","RE1-SS_user_disk_4","disk",2,0,FALSE
"RE1-SS","OC-SVM","RE1-SS_user_disk_4","disk",3,0,FALSE
"RE1-SS","PCA","RE1-SS_user_disk_5","disk",1,0.007,FALSE
"RE1-SS","PCA","RE1-SS_user_disk_5","disk",2,0.817,TRUE
"RE1-SS","PCA","RE1-SS_user_disk_5","disk",3,1,TRUE
"RE1-SS","Isolation Forest","RE1-SS_user_disk_5","disk",1,0.007,FALSE
"RE1-SS","Isolation Forest","RE1-SS_user_disk_5","disk",2,0.317,TRUE
"RE1-SS","Isolation Forest","RE1-SS_user_disk_5","disk",3,0.295,TRUE
"RE1-SS","OC-SVM","RE1-SS_user_disk_5","disk",1,0,FALSE
"RE1-SS","OC-SVM","RE1-SS_user_disk_5","disk",2,0,FALSE
"RE1-SS","OC-SVM","RE1-SS_user_disk_5","disk",3,0,FALSE
"RE1-SS","PCA","RE1-SS_user_mem_1","mem",1,0.007,FALSE
"RE1-SS","PCA","RE1-SS_user_mem_1","mem",2,0.98,TRUE
"RE1-SS","Isolation Forest","RE1-SS_user_mem_1","mem",1,0.01,FALSE
"RE1-SS","Isolation Forest","RE1-SS_user_mem_1","mem",2,0.964,TRUE
"RE1-SS","OC-SVM","RE1-SS_user_mem_1","mem",1,0,FALSE
"RE1-SS","OC-SVM","RE1-SS_user_mem_1","mem",2,0,FALSE
"RE1-SS","PCA","RE1-SS_user_mem_2","mem",1,0.007,FALSE
"RE1-SS","PCA","RE1-SS_user_mem_2","mem",2,0.977,TRUE
"RE1-SS","PCA","RE1-SS_user_mem_2","mem",3,1,TRUE
"RE1-SS","Isolation Forest","RE1-SS_user_mem_2","mem",1,0.007,FALSE
"RE1-SS","Isolation Forest","RE1-SS_user_mem_2","mem",2,0.953,TRUE
"RE1-SS","Isolation Forest","RE1-SS_user_mem_2","mem",3,1,TRUE
"RE1-SS","OC-SVM","RE1-SS_user_mem_2","mem",1,0,FALSE
"RE1-SS","OC-SVM","RE1-SS_user_mem_2","mem",2,0,FALSE
"RE1-SS","OC-SVM","RE1-SS_user_mem_2","mem",3,0,FALSE
"RE1-SS","PCA","RE1-SS_user_mem_3","mem",1,0.007,FALSE
"RE1-SS","PCA","RE1-SS_user_mem_3","mem",2,0.98,TRUE
"RE1-SS","PCA","RE1-SS_user_mem_3","mem",3,1,TRUE
"RE1-SS","Isolation Forest","RE1-SS_user_mem_3","mem",1,0.007,FALSE
"RE1-SS","Isolation Forest","RE1-SS_user_mem_3","mem",2,0.877,TRUE
"RE1-SS","Isolation Forest","RE1-SS_user_mem_3","mem",3,1,TRUE
"RE1-SS","OC-SVM","RE1-SS_user_mem_3","mem",1,0,FALSE
"RE1-SS","OC-SVM","RE1-SS_user_mem_3","mem",2,0,FALSE
"RE1-SS","OC-SVM","RE1-SS_user_mem_3","mem",3,0,FALSE
"RE1-SS","PCA","RE1-SS_user_mem_4","mem",1,0.007,FALSE
"RE1-SS","PCA","RE1-SS_user_mem_4","mem",2,0.97,TRUE
"RE1-SS","PCA","RE1-SS_user_mem_4","mem",3,1,TRUE
"RE1-SS","Isolation Forest","RE1-SS_user_mem_4","mem",1,0.01,FALSE
"RE1-SS","Isolation Forest","RE1-SS_user_mem_4","mem",2,0.947,TRUE
"RE1-SS","Isolation Forest","RE1-SS_user_mem_4","mem",3,1,TRUE
"RE1-SS","OC-SVM","RE1-SS_user_mem_4","mem",1,0,FALSE
"RE1-SS","OC-SVM","RE1-SS_user_mem_4","mem",2,0,FALSE
"RE1-SS","OC-SVM","RE1-SS_user_mem_4","mem",3,0,FALSE
"RE1-SS","PCA","RE1-SS_user_mem_5","mem",1,0.007,FALSE
"RE1-SS","PCA","RE1-SS_user_mem_5","mem",2,0,FALSE
"RE1-SS","PCA","RE1-SS_user_mem_5","mem",3,0,FALSE
"RE1-SS","Isolation Forest","RE1-SS_user_mem_5","mem",1,0.007,FALSE
"RE1-SS","Isolation Forest","RE1-SS_user_mem_5","mem",2,0.807,TRUE
"RE1-SS","Isolation Forest","RE1-SS_user_mem_5","mem",3,0.59,TRUE
"RE1-SS","OC-SVM","RE1-SS_user_mem_5","mem",1,0,FALSE
"RE1-SS","OC-SVM","RE1-SS_user_mem_5","mem",2,0,FALSE
"RE1-SS","OC-SVM","RE1-SS_user_mem_5","mem",3,0,FALSE
"RE1-TT","PCA","RE1-TT_ts-auth-service_cpu_1","cpu",1,0.007,FALSE
"RE1-TT","PCA","RE1-TT_ts-auth-service_cpu_1","cpu",2,1,TRUE
"RE1-TT","PCA","RE1-TT_ts-auth-service_cpu_1","cpu",3,1,TRUE
"RE1-TT","Isolation Forest","RE1-TT_ts-auth-service_cpu_1","cpu",1,0.007,FALSE
"RE1-TT","Isolation Forest","RE1-TT_ts-auth-service_cpu_1","cpu",2,0.24,TRUE
"RE1-TT","Isolation Forest","RE1-TT_ts-auth-service_cpu_1","cpu",3,0.243,TRUE
"RE1-TT","OC-SVM","RE1-TT_ts-auth-service_cpu_1","cpu",1,0,FALSE
"RE1-TT","OC-SVM","RE1-TT_ts-auth-service_cpu_1","cpu",2,0,FALSE
"RE1-TT","OC-SVM","RE1-TT_ts-auth-service_cpu_1","cpu",3,0,FALSE
"RE1-TT","PCA","RE1-TT_ts-auth-service_cpu_2","cpu",1,0.007,FALSE
"RE1-TT","PCA","RE1-TT_ts-auth-service_cpu_2","cpu",2,0.877,TRUE
"RE1-TT","PCA","RE1-TT_ts-auth-service_cpu_2","cpu",3,1,TRUE
"RE1-TT","Isolation Forest","RE1-TT_ts-auth-service_cpu_2","cpu",1,0.007,FALSE
"RE1-TT","Isolation Forest","RE1-TT_ts-auth-service_cpu_2","cpu",2,0.207,TRUE
"RE1-TT","Isolation Forest","RE1-TT_ts-auth-service_cpu_2","cpu",3,0.254,TRUE
"RE1-TT","OC-SVM","RE1-TT_ts-auth-service_cpu_2","cpu",1,0,FALSE
"RE1-TT","OC-SVM","RE1-TT_ts-auth-service_cpu_2","cpu",2,0,FALSE
"RE1-TT","OC-SVM","RE1-TT_ts-auth-service_cpu_2","cpu",3,0,FALSE
"RE1-TT","PCA","RE1-TT_ts-auth-service_cpu_3","cpu",1,0.007,FALSE
"RE1-TT","PCA","RE1-TT_ts-auth-service_cpu_3","cpu",2,0.073,FALSE
"RE1-TT","PCA","RE1-TT_ts-auth-service_cpu_3","cpu",3,0.127,TRUE
"RE1-TT","Isolation Forest","RE1-TT_ts-auth-service_cpu_3","cpu",1,0.007,FALSE
"RE1-TT","Isolation Forest","RE1-TT_ts-auth-service_cpu_3","cpu",2,0.027,FALSE
"RE1-TT","Isolation Forest","RE1-TT_ts-auth-service_cpu_3","cpu",3,0.144,TRUE
"RE1-TT","OC-SVM","RE1-TT_ts-auth-service_cpu_3","cpu",1,0,FALSE
"RE1-TT","OC-SVM","RE1-TT_ts-auth-service_cpu_3","cpu",2,0,FALSE
"RE1-TT","OC-SVM","RE1-TT_ts-auth-service_cpu_3","cpu",3,0,FALSE
"RE1-TT","PCA","RE1-TT_ts-auth-service_cpu_4","cpu",1,0.007,FALSE
"RE1-TT","PCA","RE1-TT_ts-auth-service_cpu_4","cpu",2,1,TRUE
"RE1-TT","PCA","RE1-TT_ts-auth-service_cpu_4","cpu",3,1,TRUE
"RE1-TT","Isolation Forest","RE1-TT_ts-auth-service_cpu_4","cpu",1,0.007,FALSE
"RE1-TT","Isolation Forest","RE1-TT_ts-auth-service_cpu_4","cpu",2,0.303,TRUE
"RE1-TT","Isolation Forest","RE1-TT_ts-auth-service_cpu_4","cpu",3,0.32,TRUE
"RE1-TT","OC-SVM","RE1-TT_ts-auth-service_cpu_4","cpu",1,0,FALSE
"RE1-TT","OC-SVM","RE1-TT_ts-auth-service_cpu_4","cpu",2,0,FALSE
"RE1-TT","OC-SVM","RE1-TT_ts-auth-service_cpu_4","cpu",3,0,FALSE
"RE1-TT","PCA","RE1-TT_ts-auth-service_cpu_5","cpu",1,0.007,FALSE
"RE1-TT","PCA","RE1-TT_ts-auth-service_cpu_5","cpu",2,0.73,TRUE
"RE1-TT","PCA","RE1-TT_ts-auth-service_cpu_5","cpu",3,1,TRUE
"RE1-TT","Isolation Forest","RE1-TT_ts-auth-service_cpu_5","cpu",1,0.007,FALSE
"RE1-TT","Isolation Forest","RE1-TT_ts-auth-service_cpu_5","cpu",2,0.277,TRUE
"RE1-TT","Isolation Forest","RE1-TT_ts-auth-service_cpu_5","cpu",3,0.293,TRUE
"RE1-TT","OC-SVM","RE1-TT_ts-auth-service_cpu_5","cpu",1,0,FALSE
"RE1-TT","OC-SVM","RE1-TT_ts-auth-service_cpu_5","cpu",2,0,FALSE
"RE1-TT","OC-SVM","RE1-TT_ts-auth-service_cpu_5","cpu",3,0,FALSE
"RE1-TT","PCA","RE1-TT_ts-auth-service_delay_1","delay",1,0.007,FALSE
"RE1-TT","PCA","RE1-TT_ts-auth-service_delay_1","delay",2,1,TRUE
"RE1-TT","PCA","RE1-TT_ts-auth-service_delay_1","delay",3,1,TRUE
"RE1-TT","Isolation Forest","RE1-TT_ts-auth-service_delay_1","delay",1,0.007,FALSE
"RE1-TT","Isolation Forest","RE1-TT_ts-auth-service_delay_1","delay",2,0.077,FALSE
"RE1-TT","Isolation Forest","RE1-TT_ts-auth-service_delay_1","delay",3,0.177,TRUE
"RE1-TT","OC-SVM","RE1-TT_ts-auth-service_delay_1","delay",1,0,FALSE
"RE1-TT","OC-SVM","RE1-TT_ts-auth-service_delay_1","delay",2,0,FALSE
"RE1-TT","OC-SVM","RE1-TT_ts-auth-service_delay_1","delay",3,0,FALSE
"RE1-TT","PCA","RE1-TT_ts-auth-service_delay_2","delay",1,0.007,FALSE
"RE1-TT","PCA","RE1-TT_ts-auth-service_delay_2","delay",2,0,FALSE
"RE1-TT","PCA","RE1-TT_ts-auth-service_delay_2","delay",3,0.022,FALSE
"RE1-TT","Isolation Forest","RE1-TT_ts-auth-service_delay_2","delay",1,0.007,FALSE
"RE1-TT","Isolation Forest","RE1-TT_ts-auth-service_delay_2","delay",2,0.183,TRUE
"RE1-TT","Isolation Forest","RE1-TT_ts-auth-service_delay_2","delay",3,0.326,TRUE
"RE1-TT","OC-SVM","RE1-TT_ts-auth-service_delay_2","delay",1,0,FALSE
"RE1-TT","OC-SVM","RE1-TT_ts-auth-service_delay_2","delay",2,0,FALSE
"RE1-TT","OC-SVM","RE1-TT_ts-auth-service_delay_2","delay",3,0,FALSE
"RE1-TT","PCA","RE1-TT_ts-auth-service_delay_3","delay",1,0.007,FALSE
"RE1-TT","PCA","RE1-TT_ts-auth-service_delay_3","delay",2,0.167,TRUE
"RE1-TT","PCA","RE1-TT_ts-auth-service_delay_3","delay",3,0.05,FALSE
"RE1-TT","Isolation Forest","RE1-TT_ts-auth-service_delay_3","delay",1,0.007,FALSE
"RE1-TT","Isolation Forest","RE1-TT_ts-auth-service_delay_3","delay",2,0.003,FALSE
"RE1-TT","Isolation Forest","RE1-TT_ts-auth-service_delay_3","delay",3,0.044,FALSE
"RE1-TT","OC-SVM","RE1-TT_ts-auth-service_delay_3","delay",1,0,FALSE
"RE1-TT","OC-SVM","RE1-TT_ts-auth-service_delay_3","delay",2,0,FALSE
"RE1-TT","OC-SVM","RE1-TT_ts-auth-service_delay_3","delay",3,0,FALSE
"RE1-TT","PCA","RE1-TT_ts-auth-service_delay_4","delay",1,0.007,FALSE
"RE1-TT","PCA","RE1-TT_ts-auth-service_delay_4","delay",2,0.663,TRUE
"RE1-TT","PCA","RE1-TT_ts-auth-service_delay_4","delay",3,1,TRUE
"RE1-TT","Isolation Forest","RE1-TT_ts-auth-service_delay_4","delay",1,0.007,FALSE
"RE1-TT","Isolation Forest","RE1-TT_ts-auth-service_delay_4","delay",2,0.083,FALSE
"RE1-TT","Isolation Forest","RE1-TT_ts-auth-service_delay_4","delay",3,0.199,TRUE
"RE1-TT","OC-SVM","RE1-TT_ts-auth-service_delay_4","delay",1,0,FALSE
"RE1-TT","OC-SVM","RE1-TT_ts-auth-service_delay_4","delay",2,0,FALSE
"RE1-TT","OC-SVM","RE1-TT_ts-auth-service_delay_4","delay",3,0,FALSE
"RE1-TT","PCA","RE1-TT_ts-auth-service_delay_5","delay",1,0.007,FALSE
"RE1-TT","PCA","RE1-TT_ts-auth-service_delay_5","delay",2,0.74,TRUE
"RE1-TT","PCA","RE1-TT_ts-auth-service_delay_5","delay",3,1,TRUE
"RE1-TT","Isolation Forest","RE1-TT_ts-auth-service_delay_5","delay",1,0.007,FALSE
"RE1-TT","Isolation Forest","RE1-TT_ts-auth-service_delay_5","delay",2,0.477,TRUE
"RE1-TT","Isolation Forest","RE1-TT_ts-auth-service_delay_5","delay",3,0.392,TRUE
"RE1-TT","OC-SVM","RE1-TT_ts-auth-service_delay_5","delay",1,0,FALSE
"RE1-TT","OC-SVM","RE1-TT_ts-auth-service_delay_5","delay",2,0,FALSE
"RE1-TT","OC-SVM","RE1-TT_ts-auth-service_delay_5","delay",3,0,FALSE
"RE1-TT","PCA","RE1-TT_ts-auth-service_disk_1","disk",1,0.007,FALSE
"RE1-TT","PCA","RE1-TT_ts-auth-service_disk_1","disk",2,0.987,TRUE
"RE1-TT","PCA","RE1-TT_ts-auth-service_disk_1","disk",3,1,TRUE
"RE1-TT","Isolation Forest","RE1-TT_ts-auth-service_disk_1","disk",1,0.007,FALSE
"RE1-TT","Isolation Forest","RE1-TT_ts-auth-service_disk_1","disk",2,0.333,TRUE
"RE1-TT","Isolation Forest","RE1-TT_ts-auth-service_disk_1","disk",3,0.508,TRUE
"RE1-TT","OC-SVM","RE1-TT_ts-auth-service_disk_1","disk",1,0,FALSE
"RE1-TT","OC-SVM","RE1-TT_ts-auth-service_disk_1","disk",2,0,FALSE
"RE1-TT","OC-SVM","RE1-TT_ts-auth-service_disk_1","disk",3,0,FALSE
"RE1-TT","PCA","RE1-TT_ts-auth-service_disk_2","disk",1,0.007,FALSE
"RE1-TT","PCA","RE1-TT_ts-auth-service_disk_2","disk",2,0.967,TRUE
"RE1-TT","PCA","RE1-TT_ts-auth-service_disk_2","disk",3,1,TRUE
"RE1-TT","Isolation Forest","RE1-TT_ts-auth-service_disk_2","disk",1,0.007,FALSE
"RE1-TT","Isolation Forest","RE1-TT_ts-auth-service_disk_2","disk",2,0.11,TRUE
"RE1-TT","Isolation Forest","RE1-TT_ts-auth-service_disk_2","disk",3,0.033,FALSE
"RE1-TT","OC-SVM","RE1-TT_ts-auth-service_disk_2","disk",1,0,FALSE
"RE1-TT","OC-SVM","RE1-TT_ts-auth-service_disk_2","disk",2,0,FALSE
"RE1-TT","OC-SVM","RE1-TT_ts-auth-service_disk_2","disk",3,0,FALSE
"RE1-TT","PCA","RE1-TT_ts-auth-service_disk_3","disk",1,0.007,FALSE
"RE1-TT","PCA","RE1-TT_ts-auth-service_disk_3","disk",2,1,TRUE
"RE1-TT","PCA","RE1-TT_ts-auth-service_disk_3","disk",3,1,TRUE
"RE1-TT","Isolation Forest","RE1-TT_ts-auth-service_disk_3","disk",1,0.007,FALSE
"RE1-TT","Isolation Forest","RE1-TT_ts-auth-service_disk_3","disk",2,0.3,TRUE
"RE1-TT","Isolation Forest","RE1-TT_ts-auth-service_disk_3","disk",3,0.328,TRUE
"RE1-TT","OC-SVM","RE1-TT_ts-auth-service_disk_3","disk",1,0,FALSE
"RE1-TT","OC-SVM","RE1-TT_ts-auth-service_disk_3","disk",2,0,FALSE
"RE1-TT","OC-SVM","RE1-TT_ts-auth-service_disk_3","disk",3,0,FALSE
"RE1-TT","PCA","RE1-TT_ts-auth-service_disk_4","disk",1,0.007,FALSE
"RE1-TT","PCA","RE1-TT_ts-auth-service_disk_4","disk",2,0.98,TRUE
"RE1-TT","PCA","RE1-TT_ts-auth-service_disk_4","disk",3,1,TRUE
"RE1-TT","Isolation Forest","RE1-TT_ts-auth-service_disk_4","disk",1,0.007,FALSE
"RE1-TT","Isolation Forest","RE1-TT_ts-auth-service_disk_4","disk",2,0.673,TRUE
"RE1-TT","Isolation Forest","RE1-TT_ts-auth-service_disk_4","disk",3,0.77,TRUE
"RE1-TT","OC-SVM","RE1-TT_ts-auth-service_disk_4","disk",1,0,FALSE
"RE1-TT","OC-SVM","RE1-TT_ts-auth-service_disk_4","disk",2,0,FALSE
"RE1-TT","OC-SVM","RE1-TT_ts-auth-service_disk_4","disk",3,0,FALSE
"RE1-TT","PCA","RE1-TT_ts-auth-service_disk_5","disk",1,0.007,FALSE
"RE1-TT","PCA","RE1-TT_ts-auth-service_disk_5","disk",2,1,TRUE
"RE1-TT","PCA","RE1-TT_ts-auth-service_disk_5","disk",3,1,TRUE
"RE1-TT","Isolation Forest","RE1-TT_ts-auth-service_disk_5","disk",1,0.007,FALSE
"RE1-TT","Isolation Forest","RE1-TT_ts-auth-service_disk_5","disk",2,0.283,TRUE
"RE1-TT","Isolation Forest","RE1-TT_ts-auth-service_disk_5","disk",3,0.197,TRUE
"RE1-TT","OC-SVM","RE1-TT_ts-auth-service_disk_5","disk",1,0,FALSE
"RE1-TT","OC-SVM","RE1-TT_ts-auth-service_disk_5","disk",2,0,FALSE
"RE1-TT","OC-SVM","RE1-TT_ts-auth-service_disk_5","disk",3,0,FALSE
"RE1-TT","PCA","RE1-TT_ts-auth-service_mem_1","mem",1,0.007,FALSE
"RE1-TT","PCA","RE1-TT_ts-auth-service_mem_1","mem",2,0.973,TRUE
"RE1-TT","PCA","RE1-TT_ts-auth-service_mem_1","mem",3,0.497,TRUE
"RE1-TT","Isolation Forest","RE1-TT_ts-auth-service_mem_1","mem",1,0.007,FALSE
"RE1-TT","Isolation Forest","RE1-TT_ts-auth-service_mem_1","mem",2,0.727,TRUE
"RE1-TT","Isolation Forest","RE1-TT_ts-auth-service_mem_1","mem",3,0.945,TRUE
"RE1-TT","OC-SVM","RE1-TT_ts-auth-service_mem_1","mem",1,0,FALSE
"RE1-TT","OC-SVM","RE1-TT_ts-auth-service_mem_1","mem",2,0,FALSE
"RE1-TT","OC-SVM","RE1-TT_ts-auth-service_mem_1","mem",3,0,FALSE
"RE1-TT","PCA","RE1-TT_ts-auth-service_mem_2","mem",1,0.007,FALSE
"RE1-TT","PCA","RE1-TT_ts-auth-service_mem_2","mem",2,0.957,TRUE
"RE1-TT","PCA","RE1-TT_ts-auth-service_mem_2","mem",3,1,TRUE
"RE1-TT","Isolation Forest","RE1-TT_ts-auth-service_mem_2","mem",1,0.007,FALSE
"RE1-TT","Isolation Forest","RE1-TT_ts-auth-service_mem_2","mem",2,0.677,TRUE
"RE1-TT","Isolation Forest","RE1-TT_ts-auth-service_mem_2","mem",3,0.729,TRUE
"RE1-TT","OC-SVM","RE1-TT_ts-auth-service_mem_2","mem",1,0,FALSE
"RE1-TT","OC-SVM","RE1-TT_ts-auth-service_mem_2","mem",2,0,FALSE
"RE1-TT","OC-SVM","RE1-TT_ts-auth-service_mem_2","mem",3,0,FALSE
"RE1-TT","PCA","RE1-TT_ts-auth-service_mem_3","mem",1,0.007,FALSE
"RE1-TT","PCA","RE1-TT_ts-auth-service_mem_3","mem",2,0.917,TRUE
"RE1-TT","PCA","RE1-TT_ts-auth-service_mem_3","mem",3,1,TRUE
"RE1-TT","Isolation Forest","RE1-TT_ts-auth-service_mem_3","mem",1,0.007,FALSE
"RE1-TT","Isolation Forest","RE1-TT_ts-auth-service_mem_3","mem",2,0.623,TRUE
"RE1-TT","Isolation Forest","RE1-TT_ts-auth-service_mem_3","mem",3,0.442,TRUE
"RE1-TT","OC-SVM","RE1-TT_ts-auth-service_mem_3","mem",1,0,FALSE
"RE1-TT","OC-SVM","RE1-TT_ts-auth-service_mem_3","mem",2,0,FALSE
"RE1-TT","OC-SVM","RE1-TT_ts-auth-service_mem_3","mem",3,0,FALSE
"RE1-TT","PCA","RE1-TT_ts-auth-service_mem_4","mem",1,0.007,FALSE
"RE1-TT","PCA","RE1-TT_ts-auth-service_mem_4","mem",2,0,FALSE
"RE1-TT","PCA","RE1-TT_ts-auth-service_mem_4","mem",3,0,FALSE
"RE1-TT","Isolation Forest","RE1-TT_ts-auth-service_mem_4","mem",1,0.007,FALSE
"RE1-TT","Isolation Forest","RE1-TT_ts-auth-service_mem_4","mem",2,0.62,TRUE
"RE1-TT","Isolation Forest","RE1-TT_ts-auth-service_mem_4","mem",3,0.376,TRUE
"RE1-TT","OC-SVM","RE1-TT_ts-auth-service_mem_4","mem",1,0,FALSE
"RE1-TT","OC-SVM","RE1-TT_ts-auth-service_mem_4","mem",2,0,FALSE
"RE1-TT","OC-SVM","RE1-TT_ts-auth-service_mem_4","mem",3,0,FALSE
"RE1-TT","PCA","RE1-TT_ts-auth-service_mem_5","mem",1,0.007,FALSE
"RE1-TT","PCA","RE1-TT_ts-auth-service_mem_5","mem",2,1,TRUE
"RE1-TT","PCA","RE1-TT_ts-auth-service_mem_5","mem",3,1,TRUE
"RE1-TT","Isolation Forest","RE1-TT_ts-auth-service_mem_5","mem",1,0.007,FALSE
"RE1-TT","Isolation Forest","RE1-TT_ts-auth-service_mem_5","mem",2,0.467,TRUE
"RE1-TT","Isolation Forest","RE1-TT_ts-auth-service_mem_5","mem",3,0.762,TRUE
"RE1-TT","OC-SVM","RE1-TT_ts-auth-service_mem_5","mem",1,0,FALSE
"RE1-TT","OC-SVM","RE1-TT_ts-auth-service_mem_5","mem",2,0,FALSE
"RE1-TT","OC-SVM","RE1-TT_ts-auth-service_mem_5","mem",3,0,FALSE
"RE1-TT","PCA","RE1-TT_ts-order-service_cpu_1","cpu",1,0.007,FALSE
"RE1-TT","PCA","RE1-TT_ts-order-service_cpu_1","cpu",2,0.453,TRUE
"RE1-TT","PCA","RE1-TT_ts-order-service_cpu_1","cpu",3,1,TRUE
"RE1-TT","Isolation Forest","RE1-TT_ts-order-service_cpu_1","cpu",1,0.007,FALSE
"RE1-TT","Isolation Forest","RE1-TT_ts-order-service_cpu_1","cpu",2,0.077,FALSE
"RE1-TT","Isolation Forest","RE1-TT_ts-order-service_cpu_1","cpu",3,0.133,TRUE
"RE1-TT","OC-SVM","RE1-TT_ts-order-service_cpu_1","cpu",1,0,FALSE
"RE1-TT","OC-SVM","RE1-TT_ts-order-service_cpu_1","cpu",2,0,FALSE
"RE1-TT","OC-SVM","RE1-TT_ts-order-service_cpu_1","cpu",3,0,FALSE
"RE1-TT","PCA","RE1-TT_ts-order-service_cpu_2","cpu",1,0.003,FALSE
"RE1-TT","PCA","RE1-TT_ts-order-service_cpu_2","cpu",2,0.1,TRUE
"RE1-TT","PCA","RE1-TT_ts-order-service_cpu_2","cpu",3,0.514,TRUE
"RE1-TT","Isolation Forest","RE1-TT_ts-order-service_cpu_2","cpu",1,0.007,FALSE
"RE1-TT","Isolation Forest","RE1-TT_ts-order-service_cpu_2","cpu",2,0.053,FALSE
"RE1-TT","Isolation Forest","RE1-TT_ts-order-service_cpu_2","cpu",3,0.343,TRUE
"RE1-TT","OC-SVM","RE1-TT_ts-order-service_cpu_2","cpu",1,0,FALSE
"RE1-TT","OC-SVM","RE1-TT_ts-order-service_cpu_2","cpu",2,0,FALSE
"RE1-TT","OC-SVM","RE1-TT_ts-order-service_cpu_2","cpu",3,0,FALSE
"RE1-TT","PCA","RE1-TT_ts-order-service_cpu_3","cpu",1,0.007,FALSE
"RE1-TT","PCA","RE1-TT_ts-order-service_cpu_3","cpu",2,0.527,TRUE
"RE1-TT","PCA","RE1-TT_ts-order-service_cpu_3","cpu",3,1,TRUE
"RE1-TT","Isolation Forest","RE1-TT_ts-order-service_cpu_3","cpu",1,0.007,FALSE
"RE1-TT","Isolation Forest","RE1-TT_ts-order-service_cpu_3","cpu",2,0.167,TRUE
"RE1-TT","Isolation Forest","RE1-TT_ts-order-service_cpu_3","cpu",3,0.298,TRUE
"RE1-TT","OC-SVM","RE1-TT_ts-order-service_cpu_3","cpu",1,0,FALSE
"RE1-TT","OC-SVM","RE1-TT_ts-order-service_cpu_3","cpu",2,0,FALSE
"RE1-TT","OC-SVM","RE1-TT_ts-order-service_cpu_3","cpu",3,0,FALSE
"RE1-TT","PCA","RE1-TT_ts-order-service_cpu_4","cpu",1,0.007,FALSE
"RE1-TT","PCA","RE1-TT_ts-order-service_cpu_4","cpu",2,0.583,TRUE
"RE1-TT","PCA","RE1-TT_ts-order-service_cpu_4","cpu",3,0.315,TRUE
"RE1-TT","Isolation Forest","RE1-TT_ts-order-service_cpu_4","cpu",1,0.007,FALSE
"RE1-TT","Isolation Forest","RE1-TT_ts-order-service_cpu_4","cpu",2,0.283,TRUE
"RE1-TT","Isolation Forest","RE1-TT_ts-order-service_cpu_4","cpu",3,0.309,TRUE
"RE1-TT","OC-SVM","RE1-TT_ts-order-service_cpu_4","cpu",1,0,FALSE
"RE1-TT","OC-SVM","RE1-TT_ts-order-service_cpu_4","cpu",2,0,FALSE
"RE1-TT","OC-SVM","RE1-TT_ts-order-service_cpu_4","cpu",3,0,FALSE
"RE1-TT","PCA","RE1-TT_ts-order-service_cpu_5","cpu",1,0.007,FALSE
"RE1-TT","PCA","RE1-TT_ts-order-service_cpu_5","cpu",2,0.343,TRUE
"RE1-TT","PCA","RE1-TT_ts-order-service_cpu_5","cpu",3,0,FALSE
"RE1-TT","Isolation Forest","RE1-TT_ts-order-service_cpu_5","cpu",1,0.007,FALSE
"RE1-TT","Isolation Forest","RE1-TT_ts-order-service_cpu_5","cpu",2,0.02,FALSE
"RE1-TT","Isolation Forest","RE1-TT_ts-order-service_cpu_5","cpu",3,0.05,FALSE
"RE1-TT","OC-SVM","RE1-TT_ts-order-service_cpu_5","cpu",1,0,FALSE
"RE1-TT","OC-SVM","RE1-TT_ts-order-service_cpu_5","cpu",2,0,FALSE
"RE1-TT","OC-SVM","RE1-TT_ts-order-service_cpu_5","cpu",3,0,FALSE
"RE1-TT","PCA","RE1-TT_ts-order-service_delay_1","delay",1,0.007,FALSE
"RE1-TT","PCA","RE1-TT_ts-order-service_delay_1","delay",2,0.97,TRUE
"RE1-TT","PCA","RE1-TT_ts-order-service_delay_1","delay",3,1,TRUE
"RE1-TT","Isolation Forest","RE1-TT_ts-order-service_delay_1","delay",1,0.007,FALSE
"RE1-TT","Isolation Forest","RE1-TT_ts-order-service_delay_1","delay",2,0.37,TRUE
"RE1-TT","Isolation Forest","RE1-TT_ts-order-service_delay_1","delay",3,0.613,TRUE
"RE1-TT","OC-SVM","RE1-TT_ts-order-service_delay_1","delay",1,0,FALSE
"RE1-TT","OC-SVM","RE1-TT_ts-order-service_delay_1","delay",2,0,FALSE
"RE1-TT","OC-SVM","RE1-TT_ts-order-service_delay_1","delay",3,0,FALSE
"RE1-TT","PCA","RE1-TT_ts-order-service_delay_2","delay",1,0.007,FALSE
"RE1-TT","PCA","RE1-TT_ts-order-service_delay_2","delay",2,0.98,TRUE
"RE1-TT","PCA","RE1-TT_ts-order-service_delay_2","delay",3,0.646,TRUE
"RE1-TT","Isolation Forest","RE1-TT_ts-order-service_delay_2","delay",1,0.01,FALSE
"RE1-TT","Isolation Forest","RE1-TT_ts-order-service_delay_2","delay",2,0.087,FALSE
"RE1-TT","Isolation Forest","RE1-TT_ts-order-service_delay_2","delay",3,0.227,TRUE
"RE1-TT","OC-SVM","RE1-TT_ts-order-service_delay_2","delay",1,0,FALSE
"RE1-TT","OC-SVM","RE1-TT_ts-order-service_delay_2","delay",2,0,FALSE
"RE1-TT","OC-SVM","RE1-TT_ts-order-service_delay_2","delay",3,0,FALSE
"RE1-TT","PCA","RE1-TT_ts-order-service_delay_3","delay",1,0.007,FALSE
"RE1-TT","PCA","RE1-TT_ts-order-service_delay_3","delay",2,0.967,TRUE
"RE1-TT","PCA","RE1-TT_ts-order-service_delay_3","delay",3,1,TRUE
"RE1-TT","Isolation Forest","RE1-TT_ts-order-service_delay_3","delay",1,0.007,FALSE
"RE1-TT","Isolation Forest","RE1-TT_ts-order-service_delay_3","delay",2,0.107,TRUE
"RE1-TT","Isolation Forest","RE1-TT_ts-order-service_delay_3","delay",3,0.243,TRUE
"RE1-TT","OC-SVM","RE1-TT_ts-order-service_delay_3","delay",1,0,FALSE
"RE1-TT","OC-SVM","RE1-TT_ts-order-service_delay_3","delay",2,0,FALSE
"RE1-TT","OC-SVM","RE1-TT_ts-order-service_delay_3","delay",3,0,FALSE
"RE1-TT","PCA","RE1-TT_ts-order-service_delay_4","delay",1,0.007,FALSE
"RE1-TT","PCA","RE1-TT_ts-order-service_delay_4","delay",2,0.983,TRUE
"RE1-TT","PCA","RE1-TT_ts-order-service_delay_4","delay",3,1,TRUE
"RE1-TT","Isolation Forest","RE1-TT_ts-order-service_delay_4","delay",1,0.007,FALSE
"RE1-TT","Isolation Forest","RE1-TT_ts-order-service_delay_4","delay",2,0.097,FALSE
"RE1-TT","Isolation Forest","RE1-TT_ts-order-service_delay_4","delay",3,0.033,FALSE
"RE1-TT","OC-SVM","RE1-TT_ts-order-service_delay_4","delay",1,0,FALSE
"RE1-TT","OC-SVM","RE1-TT_ts-order-service_delay_4","delay",2,0,FALSE
"RE1-TT","OC-SVM","RE1-TT_ts-order-service_delay_4","delay",3,0,FALSE
"RE1-TT","PCA","RE1-TT_ts-order-service_delay_5","delay",1,0.007,FALSE
"RE1-TT","PCA","RE1-TT_ts-order-service_delay_5","delay",2,0,FALSE
"RE1-TT","PCA","RE1-TT_ts-order-service_delay_5","delay",3,0.652,TRUE
"RE1-TT","Isolation Forest","RE1-TT_ts-order-service_delay_5","delay",1,0.007,FALSE
"RE1-TT","Isolation Forest","RE1-TT_ts-order-service_delay_5","delay",2,0.027,FALSE
"RE1-TT","Isolation Forest","RE1-TT_ts-order-service_delay_5","delay",3,0.017,FALSE
"RE1-TT","OC-SVM","RE1-TT_ts-order-service_delay_5","delay",1,0,FALSE
"RE1-TT","OC-SVM","RE1-TT_ts-order-service_delay_5","delay",2,0,FALSE
"RE1-TT","OC-SVM","RE1-TT_ts-order-service_delay_5","delay",3,0,FALSE
"RE1-TT","PCA","RE1-TT_ts-order-service_disk_1","disk",1,0.007,FALSE
"RE1-TT","PCA","RE1-TT_ts-order-service_disk_1","disk",2,0.993,TRUE
"RE1-TT","PCA","RE1-TT_ts-order-service_disk_1","disk",3,1,TRUE
"RE1-TT","Isolation Forest","RE1-TT_ts-order-service_disk_1","disk",1,0.007,FALSE
"RE1-TT","Isolation Forest","RE1-TT_ts-order-service_disk_1","disk",2,0.137,TRUE
"RE1-TT","Isolation Forest","RE1-TT_ts-order-service_disk_1","disk",3,0.18,TRUE
"RE1-TT","OC-SVM","RE1-TT_ts-order-service_disk_1","disk",1,0,FALSE
"RE1-TT","OC-SVM","RE1-TT_ts-order-service_disk_1","disk",2,0,FALSE
"RE1-TT","OC-SVM","RE1-TT_ts-order-service_disk_1","disk",3,0,FALSE
"RE1-TT","PCA","RE1-TT_ts-order-service_disk_2","disk",1,0.007,FALSE
"RE1-TT","PCA","RE1-TT_ts-order-service_disk_2","disk",2,0.953,TRUE
"RE1-TT","PCA","RE1-TT_ts-order-service_disk_2","disk",3,1,TRUE
"RE1-TT","Isolation Forest","RE1-TT_ts-order-service_disk_2","disk",1,0.007,FALSE
"RE1-TT","Isolation Forest","RE1-TT_ts-order-service_disk_2","disk",2,0.553,TRUE
"RE1-TT","Isolation Forest","RE1-TT_ts-order-service_disk_2","disk",3,1,TRUE
"RE1-TT","OC-SVM","RE1-TT_ts-order-service_disk_2","disk",1,0,FALSE
"RE1-TT","OC-SVM","RE1-TT_ts-order-service_disk_2","disk",2,0,FALSE
"RE1-TT","OC-SVM","RE1-TT_ts-order-service_disk_2","disk",3,0,FALSE
"RE1-TT","PCA","RE1-TT_ts-order-service_disk_3","disk",1,0.007,FALSE
"RE1-TT","PCA","RE1-TT_ts-order-service_disk_3","disk",2,0.97,TRUE
"RE1-TT","PCA","RE1-TT_ts-order-service_disk_3","disk",3,1,TRUE
"RE1-TT","Isolation Forest","RE1-TT_ts-order-service_disk_3","disk",1,0.01,FALSE
"RE1-TT","Isolation Forest","RE1-TT_ts-order-service_disk_3","disk",2,0.063,FALSE
"RE1-TT","Isolation Forest","RE1-TT_ts-order-service_disk_3","disk",3,0.295,TRUE
"RE1-TT","OC-SVM","RE1-TT_ts-order-service_disk_3","disk",1,0,FALSE
"RE1-TT","OC-SVM","RE1-TT_ts-order-service_disk_3","disk",2,0,FALSE
"RE1-TT","OC-SVM","RE1-TT_ts-order-service_disk_3","disk",3,0,FALSE
"RE1-TT","PCA","RE1-TT_ts-order-service_disk_4","disk",1,0.007,FALSE
"RE1-TT","PCA","RE1-TT_ts-order-service_disk_4","disk",2,0.957,TRUE
"RE1-TT","PCA","RE1-TT_ts-order-service_disk_4","disk",3,1,TRUE
"RE1-TT","Isolation Forest","RE1-TT_ts-order-service_disk_4","disk",1,0.007,FALSE
"RE1-TT","Isolation Forest","RE1-TT_ts-order-service_disk_4","disk",2,0.073,FALSE
"RE1-TT","Isolation Forest","RE1-TT_ts-order-service_disk_4","disk",3,0,FALSE
"RE1-TT","OC-SVM","RE1-TT_ts-order-service_disk_4","disk",1,0,FALSE
"RE1-TT","OC-SVM","RE1-TT_ts-order-service_disk_4","disk",2,0,FALSE
"RE1-TT","OC-SVM","RE1-TT_ts-order-service_disk_4","disk",3,0,FALSE
"RE1-TT","PCA","RE1-TT_ts-order-service_disk_5","disk",1,0.007,FALSE
"RE1-TT","PCA","RE1-TT_ts-order-service_disk_5","disk",2,0.98,TRUE
"RE1-TT","PCA","RE1-TT_ts-order-service_disk_5","disk",3,1,TRUE
"RE1-TT","Isolation Forest","RE1-TT_ts-order-service_disk_5","disk",1,0.007,FALSE
"RE1-TT","Isolation Forest","RE1-TT_ts-order-service_disk_5","disk",2,0.04,FALSE
"RE1-TT","Isolation Forest","RE1-TT_ts-order-service_disk_5","disk",3,0.721,TRUE
"RE1-TT","OC-SVM","RE1-TT_ts-order-service_disk_5","disk",1,0,FALSE
"RE1-TT","OC-SVM","RE1-TT_ts-order-service_disk_5","disk",2,0,FALSE
"RE1-TT","OC-SVM","RE1-TT_ts-order-service_disk_5","disk",3,0,FALSE
"RE1-TT","PCA","RE1-TT_ts-order-service_mem_1","mem",1,0.007,FALSE
"RE1-TT","PCA","RE1-TT_ts-order-service_mem_1","mem",2,0.343,TRUE
"RE1-TT","PCA","RE1-TT_ts-order-service_mem_1","mem",3,1,TRUE
"RE1-TT","Isolation Forest","RE1-TT_ts-order-service_mem_1","mem",1,0.007,FALSE
"RE1-TT","Isolation Forest","RE1-TT_ts-order-service_mem_1","mem",2,0.47,TRUE
"RE1-TT","Isolation Forest","RE1-TT_ts-order-service_mem_1","mem",3,0.541,TRUE
"RE1-TT","OC-SVM","RE1-TT_ts-order-service_mem_1","mem",1,0,FALSE
"RE1-TT","OC-SVM","RE1-TT_ts-order-service_mem_1","mem",2,0,FALSE
"RE1-TT","OC-SVM","RE1-TT_ts-order-service_mem_1","mem",3,0,FALSE
"RE1-TT","PCA","RE1-TT_ts-order-service_mem_2","mem",1,0.007,FALSE
"RE1-TT","PCA","RE1-TT_ts-order-service_mem_2","mem",2,0,FALSE
"RE1-TT","PCA","RE1-TT_ts-order-service_mem_2","mem",3,0,FALSE
"RE1-TT","Isolation Forest","RE1-TT_ts-order-service_mem_2","mem",1,0.007,FALSE
"RE1-TT","Isolation Forest","RE1-TT_ts-order-service_mem_2","mem",2,0.28,TRUE
"RE1-TT","Isolation Forest","RE1-TT_ts-order-service_mem_2","mem",3,0.602,TRUE
"RE1-TT","OC-SVM","RE1-TT_ts-order-service_mem_2","mem",1,0,FALSE
"RE1-TT","OC-SVM","RE1-TT_ts-order-service_mem_2","mem",2,0,FALSE
"RE1-TT","OC-SVM","RE1-TT_ts-order-service_mem_2","mem",3,0,FALSE
"RE1-TT","PCA","RE1-TT_ts-order-service_mem_3","mem",1,0.007,FALSE
"RE1-TT","PCA","RE1-TT_ts-order-service_mem_3","mem",2,0.327,TRUE
"RE1-TT","PCA","RE1-TT_ts-order-service_mem_3","mem",3,1,TRUE
"RE1-TT","Isolation Forest","RE1-TT_ts-order-service_mem_3","mem",1,0.007,FALSE
"RE1-TT","Isolation Forest","RE1-TT_ts-order-service_mem_3","mem",2,0.617,TRUE
"RE1-TT","Isolation Forest","RE1-TT_ts-order-service_mem_3","mem",3,0.941,TRUE
"RE1-TT","OC-SVM","RE1-TT_ts-order-service_mem_3","mem",1,0,FALSE
"RE1-TT","OC-SVM","RE1-TT_ts-order-service_mem_3","mem",2,0,FALSE
"RE1-TT","OC-SVM","RE1-TT_ts-order-service_mem_3","mem",3,0,FALSE
"RE1-TT","PCA","RE1-TT_ts-order-service_mem_4","mem",1,0.007,FALSE
"RE1-TT","PCA","RE1-TT_ts-order-service_mem_4","mem",2,0,FALSE
"RE1-TT","PCA","RE1-TT_ts-order-service_mem_4","mem",3,0,FALSE
"RE1-TT","Isolation Forest","RE1-TT_ts-order-service_mem_4","mem",1,0.007,FALSE
"RE1-TT","Isolation Forest","RE1-TT_ts-order-service_mem_4","mem",2,0.487,TRUE
"RE1-TT","Isolation Forest","RE1-TT_ts-order-service_mem_4","mem",3,0.972,TRUE
"RE1-TT","OC-SVM","RE1-TT_ts-order-service_mem_4","mem",1,0,FALSE
"RE1-TT","OC-SVM","RE1-TT_ts-order-service_mem_4","mem",2,0,FALSE
"RE1-TT","OC-SVM","RE1-TT_ts-order-service_mem_4","mem",3,0,FALSE
"RE1-TT","PCA","RE1-TT_ts-order-service_mem_5","mem",1,0.007,FALSE
"RE1-TT","PCA","RE1-TT_ts-order-service_mem_5","mem",2,0.987,TRUE
"RE1-TT","PCA","RE1-TT_ts-order-service_mem_5","mem",3,1,TRUE
"RE1-TT","Isolation Forest","RE1-TT_ts-order-service_mem_5","mem",1,0.007,FALSE
"RE1-TT","Isolation Forest","RE1-TT_ts-order-service_mem_5","mem",2,0.54,TRUE
"RE1-TT","Isolation Forest","RE1-TT_ts-order-service_mem_5","mem",3,0.663,TRUE
"RE1-TT","OC-SVM","RE1-TT_ts-order-service_mem_5","mem",1,0,FALSE
"RE1-TT","OC-SVM","RE1-TT_ts-order-service_mem_5","mem",2,0,FALSE
"RE1-TT","OC-SVM","RE1-TT_ts-order-service_mem_5","mem",3,0,FALSE
"RE1-TT","PCA","RE1-TT_ts-route-service_cpu_1","cpu",1,0.007,FALSE
"RE1-TT","PCA","RE1-TT_ts-route-service_cpu_1","cpu",2,0.937,TRUE
"RE1-TT","PCA","RE1-TT_ts-route-service_cpu_1","cpu",3,1,TRUE
"RE1-TT","Isolation Forest","RE1-TT_ts-route-service_cpu_1","cpu",1,0.007,FALSE
"RE1-TT","Isolation Forest","RE1-TT_ts-route-service_cpu_1","cpu",2,0.02,FALSE
"RE1-TT","Isolation Forest","RE1-TT_ts-route-service_cpu_1","cpu",3,0.11,TRUE
"RE1-TT","OC-SVM","RE1-TT_ts-route-service_cpu_1","cpu",1,0,FALSE
"RE1-TT","OC-SVM","RE1-TT_ts-route-service_cpu_1","cpu",2,0,FALSE
"RE1-TT","OC-SVM","RE1-TT_ts-route-service_cpu_1","cpu",3,0,FALSE
"RE1-TT","PCA","RE1-TT_ts-route-service_cpu_2","cpu",1,0.007,FALSE
"RE1-TT","PCA","RE1-TT_ts-route-service_cpu_2","cpu",2,0.997,TRUE
"RE1-TT","PCA","RE1-TT_ts-route-service_cpu_2","cpu",3,1,TRUE
"RE1-TT","Isolation Forest","RE1-TT_ts-route-service_cpu_2","cpu",1,0.007,FALSE
"RE1-TT","Isolation Forest","RE1-TT_ts-route-service_cpu_2","cpu",2,0.45,TRUE
"RE1-TT","Isolation Forest","RE1-TT_ts-route-service_cpu_2","cpu",3,0.481,TRUE
"RE1-TT","OC-SVM","RE1-TT_ts-route-service_cpu_2","cpu",1,0,FALSE
"RE1-TT","OC-SVM","RE1-TT_ts-route-service_cpu_2","cpu",2,0,FALSE
"RE1-TT","OC-SVM","RE1-TT_ts-route-service_cpu_2","cpu",3,0,FALSE
"RE1-TT","PCA","RE1-TT_ts-route-service_cpu_3","cpu",1,0.007,FALSE
"RE1-TT","PCA","RE1-TT_ts-route-service_cpu_3","cpu",2,0.197,TRUE
"RE1-TT","PCA","RE1-TT_ts-route-service_cpu_3","cpu",3,0,FALSE
"RE1-TT","Isolation Forest","RE1-TT_ts-route-service_cpu_3","cpu",1,0.007,FALSE
"RE1-TT","Isolation Forest","RE1-TT_ts-route-service_cpu_3","cpu",2,0.017,FALSE
"RE1-TT","Isolation Forest","RE1-TT_ts-route-service_cpu_3","cpu",3,0.044,FALSE
"RE1-TT","OC-SVM","RE1-TT_ts-route-service_cpu_3","cpu",1,0,FALSE
"RE1-TT","OC-SVM","RE1-TT_ts-route-service_cpu_3","cpu",2,0,FALSE
"RE1-TT","OC-SVM","RE1-TT_ts-route-service_cpu_3","cpu",3,0,FALSE
"RE1-TT","PCA","RE1-TT_ts-route-service_cpu_4","cpu",1,0.007,FALSE
"RE1-TT","PCA","RE1-TT_ts-route-service_cpu_4","cpu",2,1,TRUE
"RE1-TT","PCA","RE1-TT_ts-route-service_cpu_4","cpu",3,1,TRUE
"RE1-TT","Isolation Forest","RE1-TT_ts-route-service_cpu_4","cpu",1,0.007,FALSE
"RE1-TT","Isolation Forest","RE1-TT_ts-route-service_cpu_4","cpu",2,0.357,TRUE
"RE1-TT","Isolation Forest","RE1-TT_ts-route-service_cpu_4","cpu",3,0.282,TRUE
"RE1-TT","OC-SVM","RE1-TT_ts-route-service_cpu_4","cpu",1,0,FALSE
"RE1-TT","OC-SVM","RE1-TT_ts-route-service_cpu_4","cpu",2,0,FALSE
"RE1-TT","OC-SVM","RE1-TT_ts-route-service_cpu_4","cpu",3,0,FALSE
"RE1-TT","PCA","RE1-TT_ts-route-service_cpu_5","cpu",1,0.007,FALSE
"RE1-TT","PCA","RE1-TT_ts-route-service_cpu_5","cpu",2,0.967,TRUE
"RE1-TT","PCA","RE1-TT_ts-route-service_cpu_5","cpu",3,1,TRUE
"RE1-TT","Isolation Forest","RE1-TT_ts-route-service_cpu_5","cpu",1,0.007,FALSE
"RE1-TT","Isolation Forest","RE1-TT_ts-route-service_cpu_5","cpu",2,0.147,TRUE
"RE1-TT","Isolation Forest","RE1-TT_ts-route-service_cpu_5","cpu",3,0.193,TRUE
"RE1-TT","OC-SVM","RE1-TT_ts-route-service_cpu_5","cpu",1,0,FALSE
"RE1-TT","OC-SVM","RE1-TT_ts-route-service_cpu_5","cpu",2,0,FALSE
"RE1-TT","OC-SVM","RE1-TT_ts-route-service_cpu_5","cpu",3,0,FALSE
"RE1-TT","PCA","RE1-TT_ts-route-service_delay_1","delay",1,0.007,FALSE
"RE1-TT","PCA","RE1-TT_ts-route-service_delay_1","delay",2,0.473,TRUE
"RE1-TT","PCA","RE1-TT_ts-route-service_delay_1","delay",3,1,TRUE
"RE1-TT","Isolation Forest","RE1-TT_ts-route-service_delay_1","delay",1,0.007,FALSE
"RE1-TT","Isolation Forest","RE1-TT_ts-route-service_delay_1","delay",2,0.833,TRUE
"RE1-TT","Isolation Forest","RE1-TT_ts-route-service_delay_1","delay",3,0.928,TRUE
"RE1-TT","OC-SVM","RE1-TT_ts-route-service_delay_1","delay",1,0,FALSE
"RE1-TT","OC-SVM","RE1-TT_ts-route-service_delay_1","delay",2,0,FALSE
"RE1-TT","OC-SVM","RE1-TT_ts-route-service_delay_1","delay",3,0,FALSE
"RE1-TT","PCA","RE1-TT_ts-route-service_delay_2","delay",1,0.007,FALSE
"RE1-TT","PCA","RE1-TT_ts-route-service_delay_2","delay",2,0.01,FALSE
"RE1-TT","PCA","RE1-TT_ts-route-service_delay_2","delay",3,0.674,TRUE
"RE1-TT","Isolation Forest","RE1-TT_ts-route-service_delay_2","delay",1,0.007,FALSE
"RE1-TT","Isolation Forest","RE1-TT_ts-route-service_delay_2","delay",2,0.94,TRUE
"RE1-TT","Isolation Forest","RE1-TT_ts-route-service_delay_2","delay",3,1,TRUE
"RE1-TT","OC-SVM","RE1-TT_ts-route-service_delay_2","delay",1,0,FALSE
"RE1-TT","OC-SVM","RE1-TT_ts-route-service_delay_2","delay",2,0,FALSE
"RE1-TT","OC-SVM","RE1-TT_ts-route-service_delay_2","delay",3,0,FALSE
"RE1-TT","PCA","RE1-TT_ts-route-service_delay_3","delay",1,0.007,FALSE
"RE1-TT","PCA","RE1-TT_ts-route-service_delay_3","delay",2,0.977,TRUE
"RE1-TT","PCA","RE1-TT_ts-route-service_delay_3","delay",3,1,TRUE
"RE1-TT","Isolation Forest","RE1-TT_ts-route-service_delay_3","delay",1,0.007,FALSE
"RE1-TT","Isolation Forest","RE1-TT_ts-route-service_delay_3","delay",2,0.363,TRUE
"RE1-TT","Isolation Forest","RE1-TT_ts-route-service_delay_3","delay",3,0.597,TRUE
"RE1-TT","OC-SVM","RE1-TT_ts-route-service_delay_3","delay",1,0,FALSE
"RE1-TT","OC-SVM","RE1-TT_ts-route-service_delay_3","delay",2,0,FALSE
"RE1-TT","OC-SVM","RE1-TT_ts-route-service_delay_3","delay",3,0,FALSE
"RE1-TT","PCA","RE1-TT_ts-route-service_delay_4","delay",1,0.007,FALSE
"RE1-TT","PCA","RE1-TT_ts-route-service_delay_4","delay",2,0.88,TRUE
"RE1-TT","PCA","RE1-TT_ts-route-service_delay_4","delay",3,1,TRUE
"RE1-TT","Isolation Forest","RE1-TT_ts-route-service_delay_4","delay",1,0.007,FALSE
"RE1-TT","Isolation Forest","RE1-TT_ts-route-service_delay_4","delay",2,0.697,TRUE
"RE1-TT","Isolation Forest","RE1-TT_ts-route-service_delay_4","delay",3,0.923,TRUE
"RE1-TT","OC-SVM","RE1-TT_ts-route-service_delay_4","delay",1,0,FALSE
"RE1-TT","OC-SVM","RE1-TT_ts-route-service_delay_4","delay",2,0,FALSE
"RE1-TT","OC-SVM","RE1-TT_ts-route-service_delay_4","delay",3,0,FALSE
"RE1-TT","PCA","RE1-TT_ts-route-service_delay_5","delay",1,0.007,FALSE
"RE1-TT","PCA","RE1-TT_ts-route-service_delay_5","delay",2,0.313,TRUE
"RE1-TT","PCA","RE1-TT_ts-route-service_delay_5","delay",3,0.663,TRUE
"RE1-TT","Isolation Forest","RE1-TT_ts-route-service_delay_5","delay",1,0.007,FALSE
"RE1-TT","Isolation Forest","RE1-TT_ts-route-service_delay_5","delay",2,0.71,TRUE
"RE1-TT","Isolation Forest","RE1-TT_ts-route-service_delay_5","delay",3,0.934,TRUE
"RE1-TT","OC-SVM","RE1-TT_ts-route-service_delay_5","delay",1,0,FALSE
"RE1-TT","OC-SVM","RE1-TT_ts-route-service_delay_5","delay",2,0,FALSE
"RE1-TT","OC-SVM","RE1-TT_ts-route-service_delay_5","delay",3,0,FALSE
"RE1-TT","PCA","RE1-TT_ts-route-service_disk_1","disk",1,0.007,FALSE
"RE1-TT","PCA","RE1-TT_ts-route-service_disk_1","disk",2,0.783,TRUE
"RE1-TT","PCA","RE1-TT_ts-route-service_disk_1","disk",3,1,TRUE
"RE1-TT","Isolation Forest","RE1-TT_ts-route-service_disk_1","disk",1,0.007,FALSE
"RE1-TT","Isolation Forest","RE1-TT_ts-route-service_disk_1","disk",2,0.07,FALSE
"RE1-TT","Isolation Forest","RE1-TT_ts-route-service_disk_1","disk",3,0,FALSE
"RE1-TT","OC-SVM","RE1-TT_ts-route-service_disk_1","disk",1,0,FALSE
"RE1-TT","OC-SVM","RE1-TT_ts-route-service_disk_1","disk",2,0,FALSE
"RE1-TT","OC-SVM","RE1-TT_ts-route-service_disk_1","disk",3,0,FALSE
"RE1-TT","PCA","RE1-TT_ts-route-service_disk_2","disk",1,0.007,FALSE
"RE1-TT","PCA","RE1-TT_ts-route-service_disk_2","disk",2,1,TRUE
"RE1-TT","PCA","RE1-TT_ts-route-service_disk_2","disk",3,1,TRUE
"RE1-TT","Isolation Forest","RE1-TT_ts-route-service_disk_2","disk",1,0.007,FALSE
"RE1-TT","Isolation Forest","RE1-TT_ts-route-service_disk_2","disk",2,0.12,TRUE
"RE1-TT","Isolation Forest","RE1-TT_ts-route-service_disk_2","disk",3,0.656,TRUE
"RE1-TT","OC-SVM","RE1-TT_ts-route-service_disk_2","disk",1,0,FALSE
"RE1-TT","OC-SVM","RE1-TT_ts-route-service_disk_2","disk",2,0,FALSE
"RE1-TT","OC-SVM","RE1-TT_ts-route-service_disk_2","disk",3,0,FALSE
"RE1-TT","PCA","RE1-TT_ts-route-service_disk_3","disk",1,0.007,FALSE
"RE1-TT","PCA","RE1-TT_ts-route-service_disk_3","disk",2,0.993,TRUE
"RE1-TT","PCA","RE1-TT_ts-route-service_disk_3","disk",3,1,TRUE
"RE1-TT","Isolation Forest","RE1-TT_ts-route-service_disk_3","disk",1,0.007,FALSE
"RE1-TT","Isolation Forest","RE1-TT_ts-route-service_disk_3","disk",2,0.99,TRUE
"RE1-TT","Isolation Forest","RE1-TT_ts-route-service_disk_3","disk",3,1,TRUE
"RE1-TT","OC-SVM","RE1-TT_ts-route-service_disk_3","disk",1,0,FALSE
"RE1-TT","OC-SVM","RE1-TT_ts-route-service_disk_3","disk",2,0,FALSE
"RE1-TT","OC-SVM","RE1-TT_ts-route-service_disk_3","disk",3,0,FALSE
"RE1-TT","PCA","RE1-TT_ts-route-service_disk_4","disk",1,0.007,FALSE
"RE1-TT","PCA","RE1-TT_ts-route-service_disk_4","disk",2,0.923,TRUE
"RE1-TT","PCA","RE1-TT_ts-route-service_disk_4","disk",3,1,TRUE
"RE1-TT","Isolation Forest","RE1-TT_ts-route-service_disk_4","disk",1,0.007,FALSE
"RE1-TT","Isolation Forest","RE1-TT_ts-route-service_disk_4","disk",2,0.747,TRUE
"RE1-TT","Isolation Forest","RE1-TT_ts-route-service_disk_4","disk",3,0.803,TRUE
"RE1-TT","OC-SVM","RE1-TT_ts-route-service_disk_4","disk",1,0,FALSE
"RE1-TT","OC-SVM","RE1-TT_ts-route-service_disk_4","disk",2,0,FALSE
"RE1-TT","OC-SVM","RE1-TT_ts-route-service_disk_4","disk",3,0,FALSE
"RE1-TT","PCA","RE1-TT_ts-route-service_disk_5","disk",1,0.007,FALSE
"RE1-TT","PCA","RE1-TT_ts-route-service_disk_5","disk",2,0.96,TRUE
"RE1-TT","PCA","RE1-TT_ts-route-service_disk_5","disk",3,1,TRUE
"RE1-TT","Isolation Forest","RE1-TT_ts-route-service_disk_5","disk",1,0.007,FALSE
"RE1-TT","Isolation Forest","RE1-TT_ts-route-service_disk_5","disk",2,0.103,TRUE
"RE1-TT","Isolation Forest","RE1-TT_ts-route-service_disk_5","disk",3,0.049,FALSE
"RE1-TT","OC-SVM","RE1-TT_ts-route-service_disk_5","disk",1,0,FALSE
"RE1-TT","OC-SVM","RE1-TT_ts-route-service_disk_5","disk",2,0,FALSE
"RE1-TT","OC-SVM","RE1-TT_ts-route-service_disk_5","disk",3,0,FALSE
"RE1-TT","PCA","RE1-TT_ts-route-service_mem_1","mem",1,0.007,FALSE
"RE1-TT","PCA","RE1-TT_ts-route-service_mem_1","mem",2,0.353,TRUE
"RE1-TT","PCA","RE1-TT_ts-route-service_mem_1","mem",3,0,FALSE
"RE1-TT","Isolation Forest","RE1-TT_ts-route-service_mem_1","mem",1,0.007,FALSE
"RE1-TT","Isolation Forest","RE1-TT_ts-route-service_mem_1","mem",2,0.423,TRUE
"RE1-TT","Isolation Forest","RE1-TT_ts-route-service_mem_1","mem",3,0.652,TRUE
"RE1-TT","OC-SVM","RE1-TT_ts-route-service_mem_1","mem",1,0,FALSE
"RE1-TT","OC-SVM","RE1-TT_ts-route-service_mem_1","mem",2,0,FALSE
"RE1-TT","OC-SVM","RE1-TT_ts-route-service_mem_1","mem",3,0,FALSE
"RE1-TT","PCA","RE1-TT_ts-route-service_mem_2","mem",1,0.007,FALSE
"RE1-TT","PCA","RE1-TT_ts-route-service_mem_2","mem",2,0.07,FALSE
"RE1-TT","PCA","RE1-TT_ts-route-service_mem_2","mem",3,0.591,TRUE
"RE1-TT","Isolation Forest","RE1-TT_ts-route-service_mem_2","mem",1,0.007,FALSE
"RE1-TT","Isolation Forest","RE1-TT_ts-route-service_mem_2","mem",2,0.933,TRUE
"RE1-TT","Isolation Forest","RE1-TT_ts-route-service_mem_2","mem",3,0.95,TRUE
"RE1-TT","OC-SVM","RE1-TT_ts-route-service_mem_2","mem",1,0,FALSE
"RE1-TT","OC-SVM","RE1-TT_ts-route-service_mem_2","mem",2,0,FALSE
"RE1-TT","OC-SVM","RE1-TT_ts-route-service_mem_2","mem",3,0,FALSE
"RE1-TT","PCA","RE1-TT_ts-route-service_mem_3","mem",1,0.007,FALSE
"RE1-TT","PCA","RE1-TT_ts-route-service_mem_3","mem",2,0.98,TRUE
"RE1-TT","PCA","RE1-TT_ts-route-service_mem_3","mem",3,1,TRUE
"RE1-TT","Isolation Forest","RE1-TT_ts-route-service_mem_3","mem",1,0.007,FALSE
"RE1-TT","Isolation Forest","RE1-TT_ts-route-service_mem_3","mem",2,0.263,TRUE
"RE1-TT","Isolation Forest","RE1-TT_ts-route-service_mem_3","mem",3,0.392,TRUE
"RE1-TT","OC-SVM","RE1-TT_ts-route-service_mem_3","mem",1,0,FALSE
"RE1-TT","OC-SVM","RE1-TT_ts-route-service_mem_3","mem",2,0,FALSE
"RE1-TT","OC-SVM","RE1-TT_ts-route-service_mem_3","mem",3,0,FALSE
"RE1-TT","PCA","RE1-TT_ts-route-service_mem_4","mem",1,0.007,FALSE
"RE1-TT","PCA","RE1-TT_ts-route-service_mem_4","mem",2,0.723,TRUE
"RE1-TT","PCA","RE1-TT_ts-route-service_mem_4","mem",3,0.624,TRUE
"RE1-TT","Isolation Forest","RE1-TT_ts-route-service_mem_4","mem",1,0.007,FALSE
"RE1-TT","Isolation Forest","RE1-TT_ts-route-service_mem_4","mem",2,0.597,TRUE
"RE1-TT","Isolation Forest","RE1-TT_ts-route-service_mem_4","mem",3,0.785,TRUE
"RE1-TT","OC-SVM","RE1-TT_ts-route-service_mem_4","mem",1,0,FALSE
"RE1-TT","OC-SVM","RE1-TT_ts-route-service_mem_4","mem",2,0,FALSE
"RE1-TT","OC-SVM","RE1-TT_ts-route-service_mem_4","mem",3,0,FALSE
"RE1-TT","PCA","RE1-TT_ts-route-service_mem_5","mem",1,0.007,FALSE
"RE1-TT","PCA","RE1-TT_ts-route-service_mem_5","mem",2,0.983,TRUE
"RE1-TT","PCA","RE1-TT_ts-route-service_mem_5","mem",3,1,TRUE
"RE1-TT","Isolation Forest","RE1-TT_ts-route-service_mem_5","mem",1,0.007,FALSE
"RE1-TT","Isolation Forest","RE1-TT_ts-route-service_mem_5","mem",2,0.013,FALSE
"RE1-TT","Isolation Forest","RE1-TT_ts-route-service_mem_5","mem",3,0.072,FALSE
"RE1-TT","OC-SVM","RE1-TT_ts-route-service_mem_5","mem",1,0,FALSE
"RE1-TT","OC-SVM","RE1-TT_ts-route-service_mem_5","mem",2,0,FALSE
"RE1-TT","OC-SVM","RE1-TT_ts-route-service_mem_5","mem",3,0,FALSE
"RE1-TT","PCA","RE1-TT_ts-train-service_cpu_1","cpu",1,0.007,FALSE
"RE1-TT","PCA","RE1-TT_ts-train-service_cpu_1","cpu",2,1,TRUE
"RE1-TT","PCA","RE1-TT_ts-train-service_cpu_1","cpu",3,1,TRUE
"RE1-TT","Isolation Forest","RE1-TT_ts-train-service_cpu_1","cpu",1,0.007,FALSE
"RE1-TT","Isolation Forest","RE1-TT_ts-train-service_cpu_1","cpu",2,0.233,TRUE
"RE1-TT","Isolation Forest","RE1-TT_ts-train-service_cpu_1","cpu",3,0.138,TRUE
"RE1-TT","OC-SVM","RE1-TT_ts-train-service_cpu_1","cpu",1,0,FALSE
"RE1-TT","OC-SVM","RE1-TT_ts-train-service_cpu_1","cpu",2,0,FALSE
"RE1-TT","OC-SVM","RE1-TT_ts-train-service_cpu_1","cpu",3,0,FALSE
"RE1-TT","PCA","RE1-TT_ts-train-service_cpu_2","cpu",1,0.007,FALSE
"RE1-TT","PCA","RE1-TT_ts-train-service_cpu_2","cpu",2,0.187,TRUE
"RE1-TT","PCA","RE1-TT_ts-train-service_cpu_2","cpu",3,1,TRUE
"RE1-TT","Isolation Forest","RE1-TT_ts-train-service_cpu_2","cpu",1,0.007,FALSE
"RE1-TT","Isolation Forest","RE1-TT_ts-train-service_cpu_2","cpu",2,0.28,TRUE
"RE1-TT","Isolation Forest","RE1-TT_ts-train-service_cpu_2","cpu",3,0.448,TRUE
"RE1-TT","OC-SVM","RE1-TT_ts-train-service_cpu_2","cpu",1,0,FALSE
"RE1-TT","OC-SVM","RE1-TT_ts-train-service_cpu_2","cpu",2,0,FALSE
"RE1-TT","OC-SVM","RE1-TT_ts-train-service_cpu_2","cpu",3,0,FALSE
"RE1-TT","PCA","RE1-TT_ts-train-service_cpu_3","cpu",1,0.007,FALSE
"RE1-TT","PCA","RE1-TT_ts-train-service_cpu_3","cpu",2,0.123,TRUE
"RE1-TT","PCA","RE1-TT_ts-train-service_cpu_3","cpu",3,0.088,FALSE
"RE1-TT","Isolation Forest","RE1-TT_ts-train-service_cpu_3","cpu",1,0.007,FALSE
"RE1-TT","Isolation Forest","RE1-TT_ts-train-service_cpu_3","cpu",2,0.077,FALSE
"RE1-TT","Isolation Forest","RE1-TT_ts-train-service_cpu_3","cpu",3,0.072,FALSE
"RE1-TT","OC-SVM","RE1-TT_ts-train-service_cpu_3","cpu",1,0,FALSE
"RE1-TT","OC-SVM","RE1-TT_ts-train-service_cpu_3","cpu",2,0,FALSE
"RE1-TT","OC-SVM","RE1-TT_ts-train-service_cpu_3","cpu",3,0,FALSE
"RE1-TT","PCA","RE1-TT_ts-train-service_cpu_4","cpu",1,0.007,FALSE
"RE1-TT","PCA","RE1-TT_ts-train-service_cpu_4","cpu",2,0.06,FALSE
"RE1-TT","PCA","RE1-TT_ts-train-service_cpu_4","cpu",3,0,FALSE
"RE1-TT","Isolation Forest","RE1-TT_ts-train-service_cpu_4","cpu",1,0.007,FALSE
"RE1-TT","Isolation Forest","RE1-TT_ts-train-service_cpu_4","cpu",2,0.047,FALSE
"RE1-TT","Isolation Forest","RE1-TT_ts-train-service_cpu_4","cpu",3,0.061,FALSE
"RE1-TT","OC-SVM","RE1-TT_ts-train-service_cpu_4","cpu",1,0,FALSE
"RE1-TT","OC-SVM","RE1-TT_ts-train-service_cpu_4","cpu",2,0,FALSE
"RE1-TT","OC-SVM","RE1-TT_ts-train-service_cpu_4","cpu",3,0,FALSE
"RE1-TT","PCA","RE1-TT_ts-train-service_cpu_5","cpu",1,0.007,FALSE
"RE1-TT","PCA","RE1-TT_ts-train-service_cpu_5","cpu",2,1,TRUE
"RE1-TT","PCA","RE1-TT_ts-train-service_cpu_5","cpu",3,1,TRUE
"RE1-TT","Isolation Forest","RE1-TT_ts-train-service_cpu_5","cpu",1,0.007,FALSE
"RE1-TT","Isolation Forest","RE1-TT_ts-train-service_cpu_5","cpu",2,0.173,TRUE
"RE1-TT","Isolation Forest","RE1-TT_ts-train-service_cpu_5","cpu",3,0.077,FALSE
"RE1-TT","OC-SVM","RE1-TT_ts-train-service_cpu_5","cpu",1,0,FALSE
"RE1-TT","OC-SVM","RE1-TT_ts-train-service_cpu_5","cpu",2,0,FALSE
"RE1-TT","OC-SVM","RE1-TT_ts-train-service_cpu_5","cpu",3,0,FALSE
"RE1-TT","PCA","RE1-TT_ts-train-service_delay_1","delay",1,0.007,FALSE
"RE1-TT","PCA","RE1-TT_ts-train-service_delay_1","delay",2,0.067,FALSE
"RE1-TT","PCA","RE1-TT_ts-train-service_delay_1","delay",3,0.149,TRUE
"RE1-TT","Isolation Forest","RE1-TT_ts-train-service_delay_1","delay",1,0.007,FALSE
"RE1-TT","Isolation Forest","RE1-TT_ts-train-service_delay_1","delay",2,0.807,TRUE
"RE1-TT","Isolation Forest","RE1-TT_ts-train-service_delay_1","delay",3,0.983,TRUE
"RE1-TT","OC-SVM","RE1-TT_ts-train-service_delay_1","delay",1,0,FALSE
"RE1-TT","OC-SVM","RE1-TT_ts-train-service_delay_1","delay",2,0,FALSE
"RE1-TT","OC-SVM","RE1-TT_ts-train-service_delay_1","delay",3,0,FALSE
"RE1-TT","PCA","RE1-TT_ts-train-service_delay_2","delay",1,0.007,FALSE
"RE1-TT","PCA","RE1-TT_ts-train-service_delay_2","delay",2,1,TRUE
"RE1-TT","PCA","RE1-TT_ts-train-service_delay_2","delay",3,1,TRUE
"RE1-TT","Isolation Forest","RE1-TT_ts-train-service_delay_2","delay",1,0.007,FALSE
"RE1-TT","Isolation Forest","RE1-TT_ts-train-service_delay_2","delay",2,0.933,TRUE
"RE1-TT","Isolation Forest","RE1-TT_ts-train-service_delay_2","delay",3,1,TRUE
"RE1-TT","OC-SVM","RE1-TT_ts-train-service_delay_2","delay",1,0,FALSE
"RE1-TT","OC-SVM","RE1-TT_ts-train-service_delay_2","delay",2,0,FALSE
"RE1-TT","OC-SVM","RE1-TT_ts-train-service_delay_2","delay",3,0,FALSE
"RE1-TT","PCA","RE1-TT_ts-train-service_delay_3","delay",1,0.007,FALSE
"RE1-TT","PCA","RE1-TT_ts-train-service_delay_3","delay",2,1,TRUE
"RE1-TT","PCA","RE1-TT_ts-train-service_delay_3","delay",3,1,TRUE
"RE1-TT","Isolation Forest","RE1-TT_ts-train-service_delay_3","delay",1,0.007,FALSE
"RE1-TT","Isolation Forest","RE1-TT_ts-train-service_delay_3","delay",2,0.673,TRUE
"RE1-TT","Isolation Forest","RE1-TT_ts-train-service_delay_3","delay",3,0.895,TRUE
"RE1-TT","OC-SVM","RE1-TT_ts-train-service_delay_3","delay",1,0,FALSE
"RE1-TT","OC-SVM","RE1-TT_ts-train-service_delay_3","delay",2,0,FALSE
"RE1-TT","OC-SVM","RE1-TT_ts-train-service_delay_3","delay",3,0,FALSE
"RE1-TT","PCA","RE1-TT_ts-train-service_delay_4","delay",1,0.007,FALSE
"RE1-TT","PCA","RE1-TT_ts-train-service_delay_4","delay",2,0,FALSE
"RE1-TT","PCA","RE1-TT_ts-train-service_delay_4","delay",3,0,FALSE
"RE1-TT","Isolation Forest","RE1-TT_ts-train-service_delay_4","delay",1,0.007,FALSE
"RE1-TT","Isolation Forest","RE1-TT_ts-train-service_delay_4","delay",2,0.76,TRUE
"RE1-TT","Isolation Forest","RE1-TT_ts-train-service_delay_4","delay",3,0.823,TRUE
"RE1-TT","OC-SVM","RE1-TT_ts-train-service_delay_4","delay",1,0,FALSE
"RE1-TT","OC-SVM","RE1-TT_ts-train-service_delay_4","delay",2,0,FALSE
"RE1-TT","OC-SVM","RE1-TT_ts-train-service_delay_4","delay",3,0,FALSE
"RE1-TT","PCA","RE1-TT_ts-train-service_delay_5","delay",1,0.007,FALSE
"RE1-TT","PCA","RE1-TT_ts-train-service_delay_5","delay",2,0.973,TRUE
"RE1-TT","PCA","RE1-TT_ts-train-service_delay_5","delay",3,1,TRUE
"RE1-TT","Isolation Forest","RE1-TT_ts-train-service_delay_5","delay",1,0.007,FALSE
"RE1-TT","Isolation Forest","RE1-TT_ts-train-service_delay_5","delay",2,0.76,TRUE
"RE1-TT","Isolation Forest","RE1-TT_ts-train-service_delay_5","delay",3,0.895,TRUE
"RE1-TT","OC-SVM","RE1-TT_ts-train-service_delay_5","delay",1,0,FALSE
"RE1-TT","OC-SVM","RE1-TT_ts-train-service_delay_5","delay",2,0,FALSE
"RE1-TT","OC-SVM","RE1-TT_ts-train-service_delay_5","delay",3,0,FALSE
"RE1-TT","PCA","RE1-TT_ts-train-service_disk_1","disk",1,0.007,FALSE
"RE1-TT","PCA","RE1-TT_ts-train-service_disk_1","disk",2,0.977,TRUE
"RE1-TT","PCA","RE1-TT_ts-train-service_disk_1","disk",3,1,TRUE
"RE1-TT","Isolation Forest","RE1-TT_ts-train-service_disk_1","disk",1,0.007,FALSE
"RE1-TT","Isolation Forest","RE1-TT_ts-train-service_disk_1","disk",2,0.857,TRUE
"RE1-TT","Isolation Forest","RE1-TT_ts-train-service_disk_1","disk",3,0.984,TRUE
"RE1-TT","OC-SVM","RE1-TT_ts-train-service_disk_1","disk",1,0,FALSE
"RE1-TT","OC-SVM","RE1-TT_ts-train-service_disk_1","disk",2,0,FALSE
"RE1-TT","OC-SVM","RE1-TT_ts-train-service_disk_1","disk",3,0,FALSE
"RE1-TT","PCA","RE1-TT_ts-train-service_disk_2","disk",1,0.007,FALSE
"RE1-TT","PCA","RE1-TT_ts-train-service_disk_2","disk",2,0.927,TRUE
"RE1-TT","PCA","RE1-TT_ts-train-service_disk_2","disk",3,1,TRUE
"RE1-TT","Isolation Forest","RE1-TT_ts-train-service_disk_2","disk",1,0.007,FALSE
"RE1-TT","Isolation Forest","RE1-TT_ts-train-service_disk_2","disk",2,0.47,TRUE
"RE1-TT","Isolation Forest","RE1-TT_ts-train-service_disk_2","disk",3,0.443,TRUE
"RE1-TT","OC-SVM","RE1-TT_ts-train-service_disk_2","disk",1,0,FALSE
"RE1-TT","OC-SVM","RE1-TT_ts-train-service_disk_2","disk",2,0,FALSE
"RE1-TT","OC-SVM","RE1-TT_ts-train-service_disk_2","disk",3,0,FALSE
"RE1-TT","PCA","RE1-TT_ts-train-service_disk_3","disk",1,0.007,FALSE
"RE1-TT","PCA","RE1-TT_ts-train-service_disk_3","disk",2,0.967,TRUE
"RE1-TT","PCA","RE1-TT_ts-train-service_disk_3","disk",3,1,TRUE
"RE1-TT","Isolation Forest","RE1-TT_ts-train-service_disk_3","disk",1,0.007,FALSE
"RE1-TT","Isolation Forest","RE1-TT_ts-train-service_disk_3","disk",2,0.063,FALSE
"RE1-TT","Isolation Forest","RE1-TT_ts-train-service_disk_3","disk",3,0.098,FALSE
"RE1-TT","OC-SVM","RE1-TT_ts-train-service_disk_3","disk",1,0,FALSE
"RE1-TT","OC-SVM","RE1-TT_ts-train-service_disk_3","disk",2,0,FALSE
"RE1-TT","OC-SVM","RE1-TT_ts-train-service_disk_3","disk",3,0,FALSE
"RE1-TT","PCA","RE1-TT_ts-train-service_disk_4","disk",1,0.007,FALSE
"RE1-TT","PCA","RE1-TT_ts-train-service_disk_4","disk",2,0.957,TRUE
"RE1-TT","PCA","RE1-TT_ts-train-service_disk_4","disk",3,1,TRUE
"RE1-TT","Isolation Forest","RE1-TT_ts-train-service_disk_4","disk",1,0.007,FALSE
"RE1-TT","Isolation Forest","RE1-TT_ts-train-service_disk_4","disk",2,0.113,TRUE
"RE1-TT","Isolation Forest","RE1-TT_ts-train-service_disk_4","disk",3,0.344,TRUE
"RE1-TT","OC-SVM","RE1-TT_ts-train-service_disk_4","disk",1,0,FALSE
"RE1-TT","OC-SVM","RE1-TT_ts-train-service_disk_4","disk",2,0,FALSE
"RE1-TT","OC-SVM","RE1-TT_ts-train-service_disk_4","disk",3,0,FALSE
"RE1-TT","PCA","RE1-TT_ts-train-service_disk_5","disk",1,0.007,FALSE
"RE1-TT","PCA","RE1-TT_ts-train-service_disk_5","disk",2,0.873,TRUE
"RE1-TT","PCA","RE1-TT_ts-train-service_disk_5","disk",3,1,TRUE
"RE1-TT","Isolation Forest","RE1-TT_ts-train-service_disk_5","disk",1,0.007,FALSE
"RE1-TT","Isolation Forest","RE1-TT_ts-train-service_disk_5","disk",2,0.133,TRUE
"RE1-TT","Isolation Forest","RE1-TT_ts-train-service_disk_5","disk",3,0.033,FALSE
"RE1-TT","OC-SVM","RE1-TT_ts-train-service_disk_5","disk",1,0,FALSE
"RE1-TT","OC-SVM","RE1-TT_ts-train-service_disk_5","disk",2,0,FALSE
"RE1-TT","OC-SVM","RE1-TT_ts-train-service_disk_5","disk",3,0,FALSE
"RE1-TT","PCA","RE1-TT_ts-train-service_mem_1","mem",1,0.007,FALSE
"RE1-TT","PCA","RE1-TT_ts-train-service_mem_1","mem",2,0.147,TRUE
"RE1-TT","PCA","RE1-TT_ts-train-service_mem_1","mem",3,0,FALSE
"RE1-TT","Isolation Forest","RE1-TT_ts-train-service_mem_1","mem",1,0.007,FALSE
"RE1-TT","Isolation Forest","RE1-TT_ts-train-service_mem_1","mem",2,0.593,TRUE
"RE1-TT","Isolation Forest","RE1-TT_ts-train-service_mem_1","mem",3,0.934,TRUE
"RE1-TT","OC-SVM","RE1-TT_ts-train-service_mem_1","mem",1,0,FALSE
"RE1-TT","OC-SVM","RE1-TT_ts-train-service_mem_1","mem",2,0,FALSE
"RE1-TT","OC-SVM","RE1-TT_ts-train-service_mem_1","mem",3,0,FALSE
"RE1-TT","PCA","RE1-TT_ts-train-service_mem_2","mem",1,0.007,FALSE
"RE1-TT","PCA","RE1-TT_ts-train-service_mem_2","mem",2,1,TRUE
"RE1-TT","PCA","RE1-TT_ts-train-service_mem_2","mem",3,1,TRUE
"RE1-TT","Isolation Forest","RE1-TT_ts-train-service_mem_2","mem",1,0.007,FALSE
"RE1-TT","Isolation Forest","RE1-TT_ts-train-service_mem_2","mem",2,0.913,TRUE
"RE1-TT","Isolation Forest","RE1-TT_ts-train-service_mem_2","mem",3,0.785,TRUE
"RE1-TT","OC-SVM","RE1-TT_ts-train-service_mem_2","mem",1,0,FALSE
"RE1-TT","OC-SVM","RE1-TT_ts-train-service_mem_2","mem",2,0,FALSE
"RE1-TT","OC-SVM","RE1-TT_ts-train-service_mem_2","mem",3,0,FALSE
"RE1-TT","PCA","RE1-TT_ts-train-service_mem_3","mem",1,0.007,FALSE
"RE1-TT","PCA","RE1-TT_ts-train-service_mem_3","mem",2,0.99,TRUE
"RE1-TT","PCA","RE1-TT_ts-train-service_mem_3","mem",3,1,TRUE
"RE1-TT","Isolation Forest","RE1-TT_ts-train-service_mem_3","mem",1,0.007,FALSE
"RE1-TT","Isolation Forest","RE1-TT_ts-train-service_mem_3","mem",2,0.453,TRUE
"RE1-TT","Isolation Forest","RE1-TT_ts-train-service_mem_3","mem",3,0.718,TRUE
"RE1-TT","OC-SVM","RE1-TT_ts-train-service_mem_3","mem",1,0,FALSE
"RE1-TT","OC-SVM","RE1-TT_ts-train-service_mem_3","mem",2,0,FALSE
"RE1-TT","OC-SVM","RE1-TT_ts-train-service_mem_3","mem",3,0,FALSE
"RE1-TT","PCA","RE1-TT_ts-train-service_mem_4","mem",1,0.007,FALSE
"RE1-TT","PCA","RE1-TT_ts-train-service_mem_4","mem",2,0.38,TRUE
"RE1-TT","PCA","RE1-TT_ts-train-service_mem_4","mem",3,0,FALSE
"RE1-TT","Isolation Forest","RE1-TT_ts-train-service_mem_4","mem",1,0.007,FALSE
"RE1-TT","Isolation Forest","RE1-TT_ts-train-service_mem_4","mem",2,0.387,TRUE
"RE1-TT","Isolation Forest","RE1-TT_ts-train-service_mem_4","mem",3,0.685,TRUE
"RE1-TT","OC-SVM","RE1-TT_ts-train-service_mem_4","mem",1,0,FALSE
"RE1-TT","OC-SVM","RE1-TT_ts-train-service_mem_4","mem",2,0,FALSE
"RE1-TT","OC-SVM","RE1-TT_ts-train-service_mem_4","mem",3,0,FALSE
"RE1-TT","PCA","RE1-TT_ts-train-service_mem_5","mem",1,0.007,FALSE
"RE1-TT","PCA","RE1-TT_ts-train-service_mem_5","mem",2,0.56,TRUE
"RE1-TT","PCA","RE1-TT_ts-train-service_mem_5","mem",3,1,TRUE
"RE1-TT","Isolation Forest","RE1-TT_ts-train-service_mem_5","mem",1,0.007,FALSE
"RE1-TT","Isolation Forest","RE1-TT_ts-train-service_mem_5","mem",2,0.743,TRUE
"RE1-TT","Isolation Forest","RE1-TT_ts-train-service_mem_5","mem",3,0.768,TRUE
"RE1-TT","OC-SVM","RE1-TT_ts-train-service_mem_5","mem",1,0,FALSE
"RE1-TT","OC-SVM","RE1-TT_ts-train-service_mem_5","mem",2,0,FALSE
"RE1-TT","OC-SVM","RE1-TT_ts-train-service_mem_5","mem",3,0,FALSE
"RE1-TT","PCA","RE1-TT_ts-travel-service_cpu_1","cpu",1,0.007,FALSE
"RE1-TT","PCA","RE1-TT_ts-travel-service_cpu_1","cpu",2,0,FALSE
"RE1-TT","PCA","RE1-TT_ts-travel-service_cpu_1","cpu",3,0.133,TRUE
"RE1-TT","Isolation Forest","RE1-TT_ts-travel-service_cpu_1","cpu",1,0.007,FALSE
"RE1-TT","Isolation Forest","RE1-TT_ts-travel-service_cpu_1","cpu",2,0.563,TRUE
"RE1-TT","Isolation Forest","RE1-TT_ts-travel-service_cpu_1","cpu",3,0.376,TRUE
"RE1-TT","OC-SVM","RE1-TT_ts-travel-service_cpu_1","cpu",1,0,FALSE
"RE1-TT","OC-SVM","RE1-TT_ts-travel-service_cpu_1","cpu",2,0,FALSE
"RE1-TT","OC-SVM","RE1-TT_ts-travel-service_cpu_1","cpu",3,0,FALSE
"RE1-TT","PCA","RE1-TT_ts-travel-service_cpu_2","cpu",1,0.007,FALSE
"RE1-TT","PCA","RE1-TT_ts-travel-service_cpu_2","cpu",2,0.98,TRUE
"RE1-TT","PCA","RE1-TT_ts-travel-service_cpu_2","cpu",3,1,TRUE
"RE1-TT","Isolation Forest","RE1-TT_ts-travel-service_cpu_2","cpu",1,0.007,FALSE
"RE1-TT","Isolation Forest","RE1-TT_ts-travel-service_cpu_2","cpu",2,0.223,TRUE
"RE1-TT","Isolation Forest","RE1-TT_ts-travel-service_cpu_2","cpu",3,0.547,TRUE
"RE1-TT","OC-SVM","RE1-TT_ts-travel-service_cpu_2","cpu",1,0,FALSE
"RE1-TT","OC-SVM","RE1-TT_ts-travel-service_cpu_2","cpu",2,0,FALSE
"RE1-TT","OC-SVM","RE1-TT_ts-travel-service_cpu_2","cpu",3,0,FALSE
"RE1-TT","PCA","RE1-TT_ts-travel-service_cpu_3","cpu",1,0.007,FALSE
"RE1-TT","PCA","RE1-TT_ts-travel-service_cpu_3","cpu",2,0.237,TRUE
"RE1-TT","PCA","RE1-TT_ts-travel-service_cpu_3","cpu",3,0.442,TRUE
"RE1-TT","Isolation Forest","RE1-TT_ts-travel-service_cpu_3","cpu",1,0.01,FALSE
"RE1-TT","Isolation Forest","RE1-TT_ts-travel-service_cpu_3","cpu",2,0.02,FALSE
"RE1-TT","Isolation Forest","RE1-TT_ts-travel-service_cpu_3","cpu",3,0.039,FALSE
"RE1-TT","OC-SVM","RE1-TT_ts-travel-service_cpu_3","cpu",1,0,FALSE
"RE1-TT","OC-SVM","RE1-TT_ts-travel-service_cpu_3","cpu",2,0,FALSE
"RE1-TT","OC-SVM","RE1-TT_ts-travel-service_cpu_3","cpu",3,0,FALSE
"RE1-TT","PCA","RE1-TT_ts-travel-service_cpu_4","cpu",1,0.007,FALSE
"RE1-TT","PCA","RE1-TT_ts-travel-service_cpu_4","cpu",2,1,TRUE
"RE1-TT","PCA","RE1-TT_ts-travel-service_cpu_4","cpu",3,1,TRUE
"RE1-TT","Isolation Forest","RE1-TT_ts-travel-service_cpu_4","cpu",1,0.007,FALSE
"RE1-TT","Isolation Forest","RE1-TT_ts-travel-service_cpu_4","cpu",2,0.15,TRUE
"RE1-TT","Isolation Forest","RE1-TT_ts-travel-service_cpu_4","cpu",3,0.199,TRUE
"RE1-TT","OC-SVM","RE1-TT_ts-travel-service_cpu_4","cpu",1,0,FALSE
"RE1-TT","OC-SVM","RE1-TT_ts-travel-service_cpu_4","cpu",2,0,FALSE
"RE1-TT","OC-SVM","RE1-TT_ts-travel-service_cpu_4","cpu",3,0,FALSE
"RE1-TT","PCA","RE1-TT_ts-travel-service_cpu_5","cpu",1,0.007,FALSE
"RE1-TT","PCA","RE1-TT_ts-travel-service_cpu_5","cpu",2,0.92,TRUE
"RE1-TT","PCA","RE1-TT_ts-travel-service_cpu_5","cpu",3,1,TRUE
"RE1-TT","Isolation Forest","RE1-TT_ts-travel-service_cpu_5","cpu",1,0.007,FALSE
"RE1-TT","Isolation Forest","RE1-TT_ts-travel-service_cpu_5","cpu",2,0.053,FALSE
"RE1-TT","Isolation Forest","RE1-TT_ts-travel-service_cpu_5","cpu",3,0.022,FALSE
"RE1-TT","OC-SVM","RE1-TT_ts-travel-service_cpu_5","cpu",1,0,FALSE
"RE1-TT","OC-SVM","RE1-TT_ts-travel-service_cpu_5","cpu",2,0,FALSE
"RE1-TT","OC-SVM","RE1-TT_ts-travel-service_cpu_5","cpu",3,0,FALSE
"RE1-TT","PCA","RE1-TT_ts-travel-service_delay_1","delay",1,0.007,FALSE
"RE1-TT","PCA","RE1-TT_ts-travel-service_delay_1","delay",2,0.997,TRUE
"RE1-TT","PCA","RE1-TT_ts-travel-service_delay_1","delay",3,1,TRUE
"RE1-TT","Isolation Forest","RE1-TT_ts-travel-service_delay_1","delay",1,0.007,FALSE
"RE1-TT","Isolation Forest","RE1-TT_ts-travel-service_delay_1","delay",2,0.557,TRUE
"RE1-TT","Isolation Forest","RE1-TT_ts-travel-service_delay_1","delay",3,0.751,TRUE
"RE1-TT","OC-SVM","RE1-TT_ts-travel-service_delay_1","delay",1,0,FALSE
"RE1-TT","OC-SVM","RE1-TT_ts-travel-service_delay_1","delay",2,0,FALSE
"RE1-TT","OC-SVM","RE1-TT_ts-travel-service_delay_1","delay",3,0,FALSE
"RE1-TT","PCA","RE1-TT_ts-travel-service_delay_2","delay",1,0.007,FALSE
"RE1-TT","PCA","RE1-TT_ts-travel-service_delay_2","delay",2,0.823,TRUE
"RE1-TT","PCA","RE1-TT_ts-travel-service_delay_2","delay",3,1,TRUE
"RE1-TT","Isolation Forest","RE1-TT_ts-travel-service_delay_2","delay",1,0.007,FALSE
"RE1-TT","Isolation Forest","RE1-TT_ts-travel-service_delay_2","delay",2,0.377,TRUE
"RE1-TT","Isolation Forest","RE1-TT_ts-travel-service_delay_2","delay",3,0.354,TRUE
"RE1-TT","OC-SVM","RE1-TT_ts-travel-service_delay_2","delay",1,0,FALSE
"RE1-TT","OC-SVM","RE1-TT_ts-travel-service_delay_2","delay",2,0,FALSE
"RE1-TT","OC-SVM","RE1-TT_ts-travel-service_delay_2","delay",3,0,FALSE
"RE1-TT","PCA","RE1-TT_ts-travel-service_delay_3","delay",1,0.007,FALSE
"RE1-TT","PCA","RE1-TT_ts-travel-service_delay_3","delay",2,0.607,TRUE
"RE1-TT","PCA","RE1-TT_ts-travel-service_delay_3","delay",3,1,TRUE
"RE1-TT","Isolation Forest","RE1-TT_ts-travel-service_delay_3","delay",1,0.007,FALSE
"RE1-TT","Isolation Forest","RE1-TT_ts-travel-service_delay_3","delay",2,0.057,FALSE
"RE1-TT","Isolation Forest","RE1-TT_ts-travel-service_delay_3","delay",3,0.055,FALSE
"RE1-TT","OC-SVM","RE1-TT_ts-travel-service_delay_3","delay",1,0,FALSE
"RE1-TT","OC-SVM","RE1-TT_ts-travel-service_delay_3","delay",2,0,FALSE
"RE1-TT","OC-SVM","RE1-TT_ts-travel-service_delay_3","delay",3,0,FALSE
"RE1-TT","PCA","RE1-TT_ts-travel-service_delay_4","delay",1,0.007,FALSE
"RE1-TT","PCA","RE1-TT_ts-travel-service_delay_4","delay",2,0.977,TRUE
"RE1-TT","PCA","RE1-TT_ts-travel-service_delay_4","delay",3,1,TRUE
"RE1-TT","Isolation Forest","RE1-TT_ts-travel-service_delay_4","delay",1,0.007,FALSE
"RE1-TT","Isolation Forest","RE1-TT_ts-travel-service_delay_4","delay",2,0.55,TRUE
"RE1-TT","Isolation Forest","RE1-TT_ts-travel-service_delay_4","delay",3,0.635,TRUE
"RE1-TT","OC-SVM","RE1-TT_ts-travel-service_delay_4","delay",1,0,FALSE
"RE1-TT","OC-SVM","RE1-TT_ts-travel-service_delay_4","delay",2,0,FALSE
"RE1-TT","OC-SVM","RE1-TT_ts-travel-service_delay_4","delay",3,0,FALSE
"RE1-TT","PCA","RE1-TT_ts-travel-service_delay_5","delay",1,0.007,FALSE
"RE1-TT","PCA","RE1-TT_ts-travel-service_delay_5","delay",2,1,TRUE
"RE1-TT","PCA","RE1-TT_ts-travel-service_delay_5","delay",3,0.591,TRUE
"RE1-TT","Isolation Forest","RE1-TT_ts-travel-service_delay_5","delay",1,0.007,FALSE
"RE1-TT","Isolation Forest","RE1-TT_ts-travel-service_delay_5","delay",2,0.3,TRUE
"RE1-TT","Isolation Forest","RE1-TT_ts-travel-service_delay_5","delay",3,0.315,TRUE
"RE1-TT","OC-SVM","RE1-TT_ts-travel-service_delay_5","delay",1,0,FALSE
"RE1-TT","OC-SVM","RE1-TT_ts-travel-service_delay_5","delay",2,0,FALSE
"RE1-TT","OC-SVM","RE1-TT_ts-travel-service_delay_5","delay",3,0,FALSE
"RE1-TT","PCA","RE1-TT_ts-travel-service_disk_1","disk",1,0.007,FALSE
"RE1-TT","PCA","RE1-TT_ts-travel-service_disk_1","disk",2,0.953,TRUE
"RE1-TT","PCA","RE1-TT_ts-travel-service_disk_1","disk",3,1,TRUE
"RE1-TT","Isolation Forest","RE1-TT_ts-travel-service_disk_1","disk",1,0.01,FALSE
"RE1-TT","Isolation Forest","RE1-TT_ts-travel-service_disk_1","disk",2,0.777,TRUE
"RE1-TT","Isolation Forest","RE1-TT_ts-travel-service_disk_1","disk",3,0.902,TRUE
"RE1-TT","OC-SVM","RE1-TT_ts-travel-service_disk_1","disk",1,0,FALSE
"RE1-TT","OC-SVM","RE1-TT_ts-travel-service_disk_1","disk",2,0,FALSE
"RE1-TT","OC-SVM","RE1-TT_ts-travel-service_disk_1","disk",3,0,FALSE
"RE1-TT","PCA","RE1-TT_ts-travel-service_disk_2","disk",1,0.007,FALSE
"RE1-TT","PCA","RE1-TT_ts-travel-service_disk_2","disk",2,0.363,TRUE
"RE1-TT","PCA","RE1-TT_ts-travel-service_disk_2","disk",3,0,FALSE
"RE1-TT","Isolation Forest","RE1-TT_ts-travel-service_disk_2","disk",1,0.007,FALSE
"RE1-TT","Isolation Forest","RE1-TT_ts-travel-service_disk_2","disk",2,0.113,TRUE
"RE1-TT","Isolation Forest","RE1-TT_ts-travel-service_disk_2","disk",3,0.033,FALSE
"RE1-TT","OC-SVM","RE1-TT_ts-travel-service_disk_2","disk",1,0,FALSE
"RE1-TT","OC-SVM","RE1-TT_ts-travel-service_disk_2","disk",2,0,FALSE
"RE1-TT","OC-SVM","RE1-TT_ts-travel-service_disk_2","disk",3,0,FALSE
"RE1-TT","PCA","RE1-TT_ts-travel-service_disk_3","disk",1,0.007,FALSE
"RE1-TT","PCA","RE1-TT_ts-travel-service_disk_3","disk",2,1,TRUE
"RE1-TT","PCA","RE1-TT_ts-travel-service_disk_3","disk",3,1,TRUE
"RE1-TT","Isolation Forest","RE1-TT_ts-travel-service_disk_3","disk",1,0.007,FALSE
"RE1-TT","Isolation Forest","RE1-TT_ts-travel-service_disk_3","disk",2,0.363,TRUE
"RE1-TT","Isolation Forest","RE1-TT_ts-travel-service_disk_3","disk",3,0.426,TRUE
"RE1-TT","OC-SVM","RE1-TT_ts-travel-service_disk_3","disk",1,0,FALSE
"RE1-TT","OC-SVM","RE1-TT_ts-travel-service_disk_3","disk",2,0,FALSE
"RE1-TT","OC-SVM","RE1-TT_ts-travel-service_disk_3","disk",3,0,FALSE
"RE1-TT","PCA","RE1-TT_ts-travel-service_disk_4","disk",1,0.007,FALSE
"RE1-TT","PCA","RE1-TT_ts-travel-service_disk_4","disk",2,0.517,TRUE
"RE1-TT","PCA","RE1-TT_ts-travel-service_disk_4","disk",3,0.934,TRUE
"RE1-TT","Isolation Forest","RE1-TT_ts-travel-service_disk_4","disk",1,0.007,FALSE
"RE1-TT","Isolation Forest","RE1-TT_ts-travel-service_disk_4","disk",2,0.47,TRUE
"RE1-TT","Isolation Forest","RE1-TT_ts-travel-service_disk_4","disk",3,0.705,TRUE
"RE1-TT","OC-SVM","RE1-TT_ts-travel-service_disk_4","disk",1,0,FALSE
"RE1-TT","OC-SVM","RE1-TT_ts-travel-service_disk_4","disk",2,0,FALSE
"RE1-TT","OC-SVM","RE1-TT_ts-travel-service_disk_4","disk",3,0,FALSE
"RE1-TT","PCA","RE1-TT_ts-travel-service_disk_5","disk",1,0.007,FALSE
"RE1-TT","PCA","RE1-TT_ts-travel-service_disk_5","disk",2,0.967,TRUE
"RE1-TT","PCA","RE1-TT_ts-travel-service_disk_5","disk",3,1,TRUE
"RE1-TT","Isolation Forest","RE1-TT_ts-travel-service_disk_5","disk",1,0.007,FALSE
"RE1-TT","Isolation Forest","RE1-TT_ts-travel-service_disk_5","disk",2,0.57,TRUE
"RE1-TT","Isolation Forest","RE1-TT_ts-travel-service_disk_5","disk",3,0.869,TRUE
"RE1-TT","OC-SVM","RE1-TT_ts-travel-service_disk_5","disk",1,0,FALSE
"RE1-TT","OC-SVM","RE1-TT_ts-travel-service_disk_5","disk",2,0,FALSE
"RE1-TT","OC-SVM","RE1-TT_ts-travel-service_disk_5","disk",3,0,FALSE
"RE1-TT","PCA","RE1-TT_ts-travel-service_mem_1","mem",1,0.007,FALSE
"RE1-TT","PCA","RE1-TT_ts-travel-service_mem_1","mem",2,0,FALSE
"RE1-TT","PCA","RE1-TT_ts-travel-service_mem_1","mem",3,0,FALSE
"RE1-TT","Isolation Forest","RE1-TT_ts-travel-service_mem_1","mem",1,0.01,FALSE
"RE1-TT","Isolation Forest","RE1-TT_ts-travel-service_mem_1","mem",2,0.297,TRUE
"RE1-TT","Isolation Forest","RE1-TT_ts-travel-service_mem_1","mem",3,0.392,TRUE
"RE1-TT","OC-SVM","RE1-TT_ts-travel-service_mem_1","mem",1,0,FALSE
"RE1-TT","OC-SVM","RE1-TT_ts-travel-service_mem_1","mem",2,0,FALSE
"RE1-TT","OC-SVM","RE1-TT_ts-travel-service_mem_1","mem",3,0,FALSE
"RE1-TT","PCA","RE1-TT_ts-travel-service_mem_2","mem",1,0.007,FALSE
"RE1-TT","PCA","RE1-TT_ts-travel-service_mem_2","mem",2,1,TRUE
"RE1-TT","PCA","RE1-TT_ts-travel-service_mem_2","mem",3,1,TRUE
"RE1-TT","Isolation Forest","RE1-TT_ts-travel-service_mem_2","mem",1,0.007,FALSE
"RE1-TT","Isolation Forest","RE1-TT_ts-travel-service_mem_2","mem",2,0.943,TRUE
"RE1-TT","Isolation Forest","RE1-TT_ts-travel-service_mem_2","mem",3,0.961,TRUE
"RE1-TT","OC-SVM","RE1-TT_ts-travel-service_mem_2","mem",1,0,FALSE
"RE1-TT","OC-SVM","RE1-TT_ts-travel-service_mem_2","mem",2,0,FALSE
"RE1-TT","OC-SVM","RE1-TT_ts-travel-service_mem_2","mem",3,0,FALSE
"RE1-TT","PCA","RE1-TT_ts-travel-service_mem_3","mem",1,0.007,FALSE
"RE1-TT","PCA","RE1-TT_ts-travel-service_mem_3","mem",2,1,TRUE
"RE1-TT","PCA","RE1-TT_ts-travel-service_mem_3","mem",3,1,TRUE
"RE1-TT","Isolation Forest","RE1-TT_ts-travel-service_mem_3","mem",1,0.007,FALSE
"RE1-TT","Isolation Forest","RE1-TT_ts-travel-service_mem_3","mem",2,0.7,TRUE
"RE1-TT","Isolation Forest","RE1-TT_ts-travel-service_mem_3","mem",3,0.619,TRUE
"RE1-TT","OC-SVM","RE1-TT_ts-travel-service_mem_3","mem",1,0,FALSE
"RE1-TT","OC-SVM","RE1-TT_ts-travel-service_mem_3","mem",2,0,FALSE
"RE1-TT","OC-SVM","RE1-TT_ts-travel-service_mem_3","mem",3,0,FALSE
"RE1-TT","PCA","RE1-TT_ts-travel-service_mem_4","mem",1,0.007,FALSE
"RE1-TT","PCA","RE1-TT_ts-travel-service_mem_4","mem",2,0.767,TRUE
"RE1-TT","PCA","RE1-TT_ts-travel-service_mem_4","mem",3,1,TRUE
"RE1-TT","Isolation Forest","RE1-TT_ts-travel-service_mem_4","mem",1,0.007,FALSE
"RE1-TT","Isolation Forest","RE1-TT_ts-travel-service_mem_4","mem",2,0.187,TRUE
"RE1-TT","Isolation Forest","RE1-TT_ts-travel-service_mem_4","mem",3,0.343,TRUE
"RE1-TT","OC-SVM","RE1-TT_ts-travel-service_mem_4","mem",1,0,FALSE
"RE1-TT","OC-SVM","RE1-TT_ts-travel-service_mem_4","mem",2,0,FALSE
"RE1-TT","OC-SVM","RE1-TT_ts-travel-service_mem_4","mem",3,0,FALSE
"RE1-TT","PCA","RE1-TT_ts-travel-service_mem_5","mem",1,0.007,FALSE
"RE1-TT","PCA","RE1-TT_ts-travel-service_mem_5","mem",2,1,TRUE
"RE1-TT","PCA","RE1-TT_ts-travel-service_mem_5","mem",3,1,TRUE
"RE1-TT","Isolation Forest","RE1-TT_ts-travel-service_mem_5","mem",1,0.007,FALSE
"RE1-TT","Isolation Forest","RE1-TT_ts-travel-service_mem_5","mem",2,0.423,TRUE
"RE1-TT","Isolation Forest","RE1-TT_ts-travel-service_mem_5","mem",3,0.696,TRUE
"RE1-TT","OC-SVM","RE1-TT_ts-travel-service_mem_5","mem",1,0,FALSE
"RE1-TT","OC-SVM","RE1-TT_ts-travel-service_mem_5","mem",2,0,FALSE
"RE1-TT","OC-SVM","RE1-TT_ts-travel-service_mem_5","mem",3,0,FALSE
